{"rp": [0.1, 0.11234493440205148, 0.12621384285801251, 0.14179485896514246, 0.15929934128987072, 0.1789647404750054, 0.20105782028944644, 0.22587827631437318, 0.25376280135386714, 0.2850896527178103, 0.32028378333286034, 0.3598226062857106, 0.40424247099543353, 0.45414593886505183, 0.5102099571075231, 0.573195041625182, 0.6439555935096224, 0.7234514891067266, 0.8127611008676167, 0.9130959256151152, 1.0258170186601063, 1.1524534566987765, 1.294723079942415, 1.4545557948495271, 1.6341197535649394, 1.835850765193496, 2.062485337876194, 2.3170977998889395, 2.6031420033166066, 2.9244981760182913, 3.285525557436941, 3.6911215322651687, 4.1467880641233, 4.658706330431421, 5.233820570907402, 5.879932287106996, 6.605806070835402, 7.421288497006765, 8.337441693749241, 9.366693401651878, 10.523005557727089, 11.822063690952728, 13.281489698569587, 14.921080889473224, 16.763078537355728, 18.832469586556662, 21.157325603303395, 23.769183570259635, 26.70347368991138, 29.999999999999996], "-19.0--20.0": [{"red": [596.5899117576577, 564.1582227804032, 532.706897797028, 502.03487537663005, 472.0795447277261, 442.8770803346732, 414.6583010809624, 387.1741648006618, 360.23410049219535, 333.93408753677187, 308.4754716250803, 283.69776995922706, 259.6790930709165, 236.65685032392759, 214.5213284076734, 193.3454429802931, 173.27945161902556, 154.43187030092477, 136.92001030055027, 120.84308590531597, 106.35072758573763, 93.53548512162442, 82.26223647695768, 72.34315724672194, 63.74517033491242, 56.39867878962912, 50.164758484259096, 44.93128807744209, 40.551216134918754, 36.868234129654965, 33.71698202125539, 30.971647501838522, 28.512308822482932, 26.25958078629607, 24.169857631994144, 22.180601142578695, 20.275191838899932, 18.471235316802414, 16.73259021097818, 15.05683479815613, 13.467972093741642, 11.953867154999731, 10.522011858367073, 9.181757097022087, 7.935419771032929, 6.786443942145337, 5.739059617705474, 4.798306302377812, 3.957308877029247, 3.213754631341187]}, {"blue": [127.11135748658099, 119.74051735493542, 113.60961884907603, 108.39048596916713, 104.0859327884538, 100.539845545083, 97.41425120671661, 93.97142091931441, 89.56924308429164, 84.86855109714922, 80.64670640403182, 76.1137468614047, 71.17656653058182, 66.5505715783468, 62.00005792425202, 57.60709104975543, 53.411831248376785, 49.43140118835662, 45.72477327775336, 42.33888429933274, 39.36752273555155, 36.84366815214646, 34.557511033935036, 32.30159449060247, 30.123831340539173, 28.040329551548623, 26.039038148335877, 24.152378017066493, 22.37843653020193, 20.72658101702748, 19.18712536581158, 17.75394614303412, 16.410124604378122, 15.145721795257876, 13.94761417771656, 12.80471996927919, 11.710970989812006, 10.66513461642007, 9.661951007764644, 8.698274234992828, 7.777875506549791, 6.903077000132556, 6.077638865421251, 5.3029609912826245, 4.58292914905294, 3.9193405536720274, 3.3146227002895374, 2.7704803981226402, 2.2845130908639444, 1.8552930679713886]}], "-20.0--21.0": [{"red": [573.5676597057374, 541.4831735121528, 510.5989947907299, 480.9267419595412, 452.415377722329, 424.79440062340086, 398.07038019107637, 372.3353255332359, 347.6187141715985, 323.65345946482915, 299.9537113957526, 276.31220940739365, 252.96523005574525, 230.29495324059457, 208.57489064884035, 188.0039857427257, 168.68558025786285, 150.64315149225456, 133.72619896212277, 118.22204553334598, 104.5447151345094, 92.55456443292668, 82.06052920017842, 72.83976440378504, 64.8393466655062, 57.981414313945436, 52.11889692083853, 47.14241470215135, 42.901837298765756, 39.25648432960492, 36.06557752057424, 33.222919400918755, 30.636278554538425, 28.242246936724314, 26.00007070278045, 23.862110118214268, 21.818112037326078, 19.874302501047122, 17.99981552975005, 16.19759914305055, 14.488667878773986, 12.858043471822763, 11.31617113041309, 9.87586370062172, 8.5336776119759, 7.29710626801964, 6.172491580918022, 5.159576980486334, 4.254771500253808, 3.4550790050379256]}, {"blue": [173.3536176506046, 162.5869779360405, 152.82321421683733, 144.01955269175158, 136.07779981836228, 128.96575635942656, 122.67232450057111, 117.34210090588951, 113.02928753468689, 109.25019995224085, 105.11808458227868, 100.18562007719908, 94.54786609515328, 88.51470603549906, 82.38675239536187, 76.40167428033523, 70.6919632985876, 65.2428940415351, 60.166060005319935, 55.56747008246305, 51.547669183124775, 48.11840878773863, 45.01309807194617, 41.9921526128002, 39.099518553277115, 36.353108989168206, 33.73781663947926, 31.284252793985726, 28.98377085245498, 26.84537193162175, 24.852720610358773, 22.997128234941748, 21.257131460242604, 19.61942746262135, 18.067366005772175, 16.58738615338697, 15.170867360887405, 13.815402548231237, 12.513180933342634, 11.264432215863318, 10.073390572993066, 8.939407025481193, 7.8693366153773825, 6.866765724955533, 5.9341751424489395, 5.074352615108954, 4.291719209471219, 3.587376134129585, 2.9582332502406596, 2.4023400762678304]}], "-21.0--22.0": [{"red": [908.8828187122836, 827.9508873592663, 754.1939827390142, 686.0277361735598, 623.854577512354, 567.4138572565774, 515.772876117396, 468.75662563940847, 425.9364904804562, 387.03287813517386, 351.69686820396413, 319.65172327568837, 290.5733728873899, 264.01159937143757, 239.46526750138258, 216.6601953983919, 195.46376601383494, 175.7999048264773, 157.65724279715138, 141.2627944453613, 126.78893874654155, 113.96054781834852, 102.37468493024352, 91.84872895505266, 82.35285636988235, 73.91919840580614, 66.47729440659405, 60.002780623963424, 54.425498742406376, 49.63499290681651, 45.473292485776845, 41.82016680342884, 38.519937292438556, 35.47446351997505, 32.64843381883091, 29.956305186425453, 27.36966197052778, 24.917365670454704, 22.556359637258378, 20.28336906633828, 18.12562435912878, 16.07773167955927, 14.146865970786637, 12.340204071843939, 10.662041296407683, 9.115591448467999, 7.707816996451135, 6.44225070461651, 5.310783545177075, 4.310344032189108]}, {"blue": [363.1570504881257, 328.79887531162376, 298.15895206489114, 269.6001271899807, 244.04261647340485, 221.54773993003747, 201.28362640586252, 183.33348063777115, 167.5048145712678, 153.71698538442973, 141.76205905566155, 131.57948458704422, 122.96827830211225, 115.51424462840527, 108.75898962834638, 102.3644806827023, 96.16012707935305, 90.00550905748227, 83.90443963840518, 78.21688651617609, 73.29147035036071, 68.92983544658757, 64.72539319894105, 60.56859504068023, 56.508415508323736, 52.60660731433042, 48.86330498421836, 45.32345840989297, 42.000512583961395, 38.90719827606285, 36.02220194601502, 33.33871055737104, 30.817132593688136, 28.435167054566065, 26.181957439842282, 24.03050362456292, 21.965326651725068, 19.993839927601467, 18.09891143502673, 16.279019207022476, 14.544820827691963, 12.900757854876359, 11.352675567647264, 9.902754262719567, 8.555499949910866, 7.314416205248194, 6.185440666745428, 5.169078798172099, 4.261224983170331, 3.4592019390150344]}],