{"rp": [0.1, 0.11234493440205148, 0.12621384285801251, 0.14179485896514246, 0.15929934128987072, 0.1789647404750054, 0.20105782028944644, 0.22587827631437318, 0.25376280135386714, 0.2850896527178103, 0.32028378333286034, 0.3598226062857106, 0.40424247099543353, 0.45414593886505183, 0.5102099571075231, 0.573195041625182, 0.6439555935096224, 0.7234514891067266, 0.8127611008676167, 0.9130959256151152, 1.0258170186601063, 1.1524534566987765, 1.294723079942415, 1.4545557948495271, 1.6341197535649394, 1.835850765193496, 2.062485337876194, 2.3170977998889395, 2.6031420033166066, 2.9244981760182913, 3.285525557436941, 3.6911215322651687, 4.1467880641233, 4.658706330431421, 5.233820570907402, 5.879932287106996, 6.605806070835402, 7.421288497006765, 8.337441693749241, 9.366693401651878, 10.523005557727089, 11.822063690952728, 13.281489698569587, 14.921080889473224, 16.763078537355728, 18.832469586556662, 21.157325603303395, 23.769183570259635, 26.70347368991138, 29.999999999999996], "-19.0--20.0": [{"red": [601.064415577904, 575.0863138344611, 549.1476107959505, 523.1623492616825, 497.1920693451424, 471.3259491383296, 445.4424281330452, 419.3289487697088, 392.9693104012318, 366.5610215834427, 340.31127797667483, 314.31910474800173, 288.71022831560174, 263.68197681369026, 239.35627945377314, 215.93010757194486, 193.55415509702422, 172.38981760766498, 152.5679119418686, 134.28486387140694, 117.70935672675377, 102.9485681958134, 89.91138816196882, 78.44633246808756, 68.53057990818455, 60.094914505027624, 53.001245276748456, 47.111256808941555, 42.251467976473876, 38.23317464527983, 34.85176337359744, 31.948831118301243, 29.378187291476678, 27.04213392472018, 24.884779428408738, 22.834381086272284, 20.871012934222513, 19.014818762198583, 17.225482189486947, 15.49957289001567, 13.864276651180242, 12.306015174797155, 10.832080916727733, 9.452543963337519, 8.169779300969331, 6.989096193434325, 5.908473481002108, 4.938973828295282, 4.073290185851196, 3.3078365298734838]}, {"blue": [119.63682179316037, 115.16009196275452, 111.22427237929445, 107.84259816690928, 105.20896893970696, 103.34546378282205, 101.59477462801141, 98.90406651782354, 94.91727347121261, 90.11940601015105, 85.06629623121054, 80.00228839291248, 74.95838674968282, 70.01193378607796, 65.15060355258372, 60.47982783177245, 56.00760750520037, 51.75216490742411, 47.76470108245067, 44.126575985973055, 40.91515092070286, 38.16414188707525, 35.668981906981294, 33.2402827941968, 30.90780412388136, 28.69410059931154, 26.590335413826722, 24.621790508758295, 22.78394666891263, 21.08297264156651, 19.505656987509, 18.04213563890408, 16.672260699629277, 15.386539456910711, 14.17012694251863, 13.0111179044838, 11.89586682839588, 10.832894306129317, 9.8141560584969, 8.835248606423589, 7.900418612254326, 7.012077893400844, 6.173211793053723, 5.386379860643666, 4.655156389864151, 3.9810537990908066, 3.366716509346308, 2.814021254546199, 2.320451081900057, 1.8845074213708646]}], "-20.0--21.0": [{"red": [580.6046689312093, 539.3859110360364, 501.2331094147156, 465.9922535140147, 433.1899545239323, 402.489262149691, 373.59264682414096, 346.2648391771644, 320.63761437352576, 296.69820561814015, 274.02314938831734, 252.2210400926653, 231.12543600465247, 210.83084191664435, 191.44556160326357, 173.15656267012784, 155.9264998164762, 139.6889093660934, 124.62443141027047, 110.87279528522096, 98.531361413041, 87.67316292156097, 78.11653718180314, 69.64411809566744, 62.22251415844735, 55.797848891369355, 50.2600698948095, 45.51799590397966, 41.45173253940192, 37.942485962934875, 34.86082459987497, 32.113183749989574, 29.612593890361513, 27.298375531206734, 25.130205574547997, 23.064251195434014, 21.089351160039556, 19.20990107005522, 17.397947499991243, 15.656959107102725, 14.004561369678825, 12.42848144736615, 10.93853194706831, 9.546060651677744, 8.249090500310563, 7.05424358147836, 5.966717159264694, 4.987162416161981, 4.112592629803891, 3.3397950033214907]}, {"blue": [195.6945977744558, 179.52610420315185, 165.24298598635374, 152.77150236821387, 141.8369704969397, 132.28938462090994, 124.00298032506264, 116.94346447794163, 111.17655959250035, 106.40841380981888, 101.87799419054089, 96.98882754552372, 91.58226602637909, 85.841271092332, 80.01663579875324, 74.3227982765976, 68.86208827223648, 63.644132669609114, 58.778223367058196, 54.36916574959226, 50.50974622813932, 47.218473745512426, 44.230004560442865, 41.3054400191251, 38.4889501200947, 35.80567807694103, 33.242042113484764, 30.8310033498001, 28.565876500979314, 26.459798273249394, 24.495701161191054, 22.666784604659643, 20.951328385209315, 19.33657748846087, 17.807360108043394, 16.348556455423736, 14.952100738752398, 13.616377164623945, 12.332122427933259, 11.101963268644086, 9.928910001071348, 8.811349882602379, 7.755745335683571, 6.7667939383372095, 5.848891766680119, 5.001370084619466, 4.230166260969558, 3.535899172295768, 2.9157552984262667, 2.367821806101239]}], "-21.0--22.0": [{"red": [769.4800030614788, 705.7429958852327, 647.4506785048774, 593.105286358739, 543.2584635447912, 497.80889497760273, 455.9433565415682, 417.58959430555973, 382.4518993645686, 350.3686681273391, 321.07807088454655, 294.4148782966552, 270.09718625394623, 247.65864687502923, 226.59596960267552, 206.634204907965, 187.72191800659834, 169.82813777460393, 153.04127031306567, 137.68180234350177, 124.01189684936617, 111.79313541905441, 100.65295651416223, 90.44269138200843, 81.17923788206221, 72.89398686651387, 65.54241871743803, 59.122079847852454, 53.57319533378795, 48.80260754562469, 44.666455752140735, 41.0426469854179, 37.78110670936227, 34.78397335394928, 32.00588278989658, 29.36447619048871, 26.830476567946, 24.425150382318858, 22.110696024354016, 19.8832825341079, 17.767681862245894, 15.760208443400533, 13.867698793308287, 12.09628542408723, 10.452777754669423, 8.936406660363172, 7.5569010758002015, 6.317649390584947, 5.20658569891803, 4.2250898418374705]}, {"blue": [303.42128194316416, 277.01184400723724, 253.4600064899957, 231.23033815989453, 211.25395777138212, 193.6752342419636, 177.73453036305207, 163.56467271248547, 151.0409468315356, 140.1399467610765, 130.7047501066479, 122.7277746398589, 116.02533602178123, 110.16883613803766, 104.694818622105, 99.26924746143602, 93.75818213522395, 88.0892207769092, 82.32462732786232, 76.87607793063393, 72.13079057080368, 67.9039855272829, 63.79804291418774, 59.719309875433325, 55.723937849117824, 51.87741089776022, 48.181379551321996, 44.68511240720056, 41.40136742344197, 38.344728546047534, 35.49659592593433, 32.84748505188247, 30.360035768632947, 28.01274617372291, 25.79171040425552, 23.671824496419855, 21.63834056713028, 19.695649153581464, 17.829013974879487, 16.03638703839165, 14.327919389669965, 12.708691206522412, 11.183153940664548, 9.754991849739616, 8.427976323291468, 7.205399300984216, 6.093239740564522, 5.092035513881672, 4.197699934345738, 3.4076348327397152]}],