{"rp": [0.1, 0.11234493440205148, 0.12621384285801251, 0.14179485896514246, 0.15929934128987072, 0.1789647404750054, 0.20105782028944644, 0.22587827631437318, 0.25376280135386714, 0.2850896527178103, 0.32028378333286034, 0.3598226062857106, 0.40424247099543353, 0.45414593886505183, 0.5102099571075231, 0.573195041625182, 0.6439555935096224, 0.7234514891067266, 0.8127611008676167, 0.9130959256151152, 1.0258170186601063, 1.1524534566987765, 1.294723079942415, 1.4545557948495271, 1.6341197535649394, 1.835850765193496, 2.062485337876194, 2.3170977998889395, 2.6031420033166066, 2.9244981760182913, 3.285525557436941, 3.6911215322651687, 4.1467880641233, 4.658706330431421, 5.233820570907402, 5.879932287106996, 6.605806070835402, 7.421288497006765, 8.337441693749241, 9.366693401651878, 10.523005557727089, 11.822063690952728, 13.281489698569587, 14.921080889473224, 16.763078537355728, 18.832469586556662, 21.157325603303395, 23.769183570259635, 26.70347368991138, 29.999999999999996], "-19.0--20.0": [{"red": [571.2358585795795, 534.1547464401233, 498.86416318194784, 465.4125832126953, 434.8339674323367, 407.4407871949387, 382.4720766165621, 358.8965517507748, 336.0539043006897, 313.841170425666, 291.97302989429835, 270.05507774879874, 248.27767381933796, 227.19193235845623, 206.75520113095234, 186.9409037998207, 167.96964510890314, 150.1170178606348, 133.36841546614792, 117.8397248854995, 103.86479979526958, 91.38975983543887, 80.33045856907128, 70.59852704472968, 62.10936024318707, 54.83119730841135, 48.67057796868212, 43.490859167692825, 39.1693100451725, 35.55724608581132, 32.4780108268997, 29.810349028727067, 27.431673231744167, 25.25916835146996, 23.246387409099874, 21.332697388465686, 19.499745371188627, 17.764665409537038, 16.09255978386168, 14.48121901613094, 12.952787600699732, 11.496670992146665, 10.119844138819913, 8.830715679945959, 7.631892778866156, 6.527521009872477, 5.520582937266852, 4.614965928183361, 3.8062918692585064, 3.0911667755127157]}, {"blue": [136.87912082583338, 127.20478482901342, 118.72134486751989, 111.45005490494205, 105.99109290748177, 102.43010828173095, 99.81310425613391, 96.7860016754361, 92.7788658525042, 88.18349215064728, 83.38357371903754, 78.43977481103313, 73.4441084605785, 68.6316750070546, 63.92884868349656, 59.36122923361512, 54.97136878859008, 50.84187907857644, 46.95847115453848, 43.39141441331671, 40.28140924194789, 37.60591764210575, 35.17102784814235, 32.80597755437821, 30.526551579387025, 28.355094052634165, 26.291950606877244, 24.354319222605476, 22.54129204721021, 20.863477662250638, 19.304185366747152, 17.857211361676573, 16.503060523281484, 15.229908013478749, 14.024671050482736, 12.875280588616302, 11.774964138950129, 10.723269242518366, 9.714182669529139, 8.745546574890104, 7.821553876337374, 6.941579859325965, 6.1110280240991335, 5.3321280080159115, 4.608327628137288, 3.9410253520484635, 3.3328213990291813, 2.7856817375388125, 2.2970785618775222, 1.8655252671569704]}], "-20.0--21.0": [{"red": [7570.079491127149, 6403.970833806976, 5334.107526684606, 4366.937059262543, 3492.0563876616857, 2698.2443876119282, 1975.7834694986773, 1327.263853970862, 800.4694414096576, 440.2714549196571, 235.3794455439841, 137.9483517405074, 85.61706716499906, 51.433192816353056, 46.108278205091146, 55.17318302460392, 48.08591573454319, 40.18942145066048, 36.71435792940043, 37.947185266397035, 35.569733629719636, 31.183360423320703, 30.082728145164555, 29.936974460659794, 27.21087174661522, 24.71112144791579, 24.42838623061235, 22.052888276390608, 20.342770876369464, 19.3218727322315, 17.62593243388565, 16.35283748854882, 15.203206412020817, 13.969151635973727, 12.878085702987267, 11.841225180762486, 10.818668257131584, 9.852632064050338, 8.928973143495798, 8.035851269080595, 7.185293807655441, 6.37812774195437, 5.614876216220284, 4.8982443526604476, 4.232631540046512, 3.6201025358568386, 3.0615320374672614, 2.5591706417042395, 2.110396570081463, 1.7139947970355425]}, {"blue": [6042.588289097991, 5102.767617562951, 4244.272065223675, 3472.3001984399966, 2775.8731978408914, 2145.2868206090384, 1571.9883820952796, 1056.4421780926773, 638.8960473038716, 355.66970952146426, 195.9896202298144, 120.97240159885001, 80.09931740763649, 52.07733263980382, 47.76912524185446, 53.47700045260942, 48.21673989257502, 41.075463166936146, 37.66000882843349, 38.097762880165305, 35.7034784814139, 31.82440177162691, 30.585752888552527, 30.09158734907488, 27.54698424155113, 25.18512185348474, 24.58743343709148, 22.34329309469412, 20.64467263783889, 19.506695021806607, 17.857139545605385, 16.560599916347016, 15.378317196278642, 14.14516351897547, 13.037367663251164, 11.984257969182678, 10.955602573450188, 9.972749479707971, 9.03697178710207, 8.135829677481002, 7.274820443041451, 6.454291645717178, 5.681771218629362, 4.956721641156975, 4.283082667210342, 3.662974980074909, 3.0976563528763106, 2.589129857714257, 2.1348401721766144, 1.7335805965986777]}], "-21.0--22.0": [{"red": [1625.3821737734863, 1435.158323557697, 1262.737880392182, 1106.435419582333, 965.4236347463636, 839.0874921111056, 725.190222297711, 620.8122820992722, 524.8061996426156, 437.15778349398425, 358.78482707471136, 293.45408959555647, 243.3249487143048, 206.78621824549, 180.21759815294357, 160.40447482315244, 145.59922610416618, 133.58348050255623, 121.79036325403612, 110.0327061385342, 100.17157240456838, 91.85553981817306, 83.78577706657413, 75.8812730998745, 69.08750839608582, 62.93629697907944, 56.937831723469884, 51.97058275417604, 47.46889586882574, 43.39057411580021, 39.94753593530819, 36.77686162894375, 33.870075702508544, 31.24401165058691, 28.739125572603356, 26.36059832971983, 24.105725971559707, 21.93396477426765, 19.8534425274381, 17.859262553351456, 15.954900030615088, 14.155492221665984, 12.454955485086563, 10.865423132662547, 9.387118030294838, 8.022316039193214, 6.785117335898812, 5.670488986605192, 4.674892951305849, 3.7955976239928715]}, {"blue": [599.4284504033232, 525.7658640902504, 461.01087851082116, 403.2453924483186, 352.48790233078586, 308.4898981524237, 269.7452214269482, 235.0470212833015, 203.84026495974024, 176.05117642649063, 151.7621137153282, 132.1987997739024, 117.91945858107727, 107.8481694096094, 100.38966672224285, 94.31651258533978, 89.1367748034461, 84.24412984056232, 78.97567122942635, 73.65949804263316, 69.22805002320808, 65.4053812099782, 61.55314247158091, 57.5938447905673, 53.84837229651286, 50.23565403279328, 46.62155116206659, 43.30799273788612, 40.15190634897665, 37.17815684215279, 34.44744294688643, 31.877124921981054, 29.458707455350414, 27.19069240970413, 25.03349285241354, 22.973758111898423, 21.002113057097247, 19.115148001148828, 17.303786381971793, 15.564148835073137, 13.90597980040578, 12.334889611690796, 10.854256220644746, 9.46803601257915, 8.179943519892237, 6.993738580196205, 5.914264077440578, 4.942546406391136, 4.074404914186502, 3.3075643826594296]}],