{"rp": [0.1, 0.11234493440205148, 0.12621384285801251, 0.14179485896514246, 0.15929934128987072, 0.1789647404750054, 0.20105782028944644, 0.22587827631437318, 0.25376280135386714, 0.2850896527178103, 0.32028378333286034, 0.3598226062857106, 0.40424247099543353, 0.45414593886505183, 0.5102099571075231, 0.573195041625182, 0.6439555935096224, 0.7234514891067266, 0.8127611008676167, 0.9130959256151152, 1.0258170186601063, 1.1524534566987765, 1.294723079942415, 1.4545557948495271, 1.6341197535649394, 1.835850765193496, 2.062485337876194, 2.3170977998889395, 2.6031420033166066, 2.9244981760182913, 3.285525557436941, 3.6911215322651687, 4.1467880641233, 4.658706330431421, 5.233820570907402, 5.879932287106996, 6.605806070835402, 7.421288497006765, 8.337441693749241, 9.366693401651878, 10.523005557727089, 11.822063690952728, 13.281489698569587, 14.921080889473224, 16.763078537355728, 18.832469586556662, 21.157325603303395, 23.769183570259635, 26.70347368991138, 29.999999999999996], "-19.0--20.0": [{"red": [619.026154792749, 587.8114445745567, 557.0517138920032, 526.629846532976, 496.5841598157954, 467.0476306775236, 438.0952151183576, 409.6375393448984, 381.6106098488009, 354.103052158935, 327.199839043454, 300.95760222725124, 275.4129924984954, 250.73714363391076, 226.9970443732209, 204.34470944072743, 182.88842201003308, 162.7963405810014, 144.00126648579817, 126.8251212475187, 111.34211987977211, 97.63478642299214, 85.58549536287727, 75.01517373903438, 65.88372489582703, 58.10557345416916, 51.53838174049189, 46.0508127278109, 41.483633244480906, 37.66626348036476, 34.41586149478918, 31.59690910617952, 29.079512760563002, 26.7776338021051, 24.646042952514026, 22.617114360670087, 20.673282661106384, 18.834436575439234, 17.06187212997679, 15.35272401258852, 13.733028336150726, 12.189362830055044, 10.729313539665501, 9.362876277901812, 8.091946173308008, 6.920713954527556, 5.8533519100466735, 4.893301118093355, 4.0359915679955405, 3.2778545598995446]}, {"blue": [125.3132581565137, 119.37298614619529, 114.1954085026421, 109.73817724570797, 106.10933097443176, 103.30630646131613, 100.69944743039589, 97.29488176469474, 92.81687177026981, 88.15268522308797, 82.79940879037807, 77.86905504679892, 73.07738894738166, 67.95097980698962, 63.25064740012407, 58.71414877723564, 54.379870228411825, 50.2617884683606, 46.41291560747517, 42.90979150762825, 39.82439718608254, 37.190660512390686, 34.80506854194237, 32.47657980620944, 30.23746292773927, 28.107587996684803, 26.074072253338432, 24.16473346885856, 22.376244806221024, 20.716186615841508, 19.171841869397465, 17.73718436379979, 16.39314501338233, 15.129259323279136, 13.932278321219941, 12.790418185097165, 11.697428234465578, 10.652820998988936, 9.651030004236263, 8.688358176365494, 7.769081044847424, 6.89535188182097, 6.070710983621932, 5.2968739870586905, 4.577668581197017, 3.914940953571159, 3.3108369875499815, 2.767339309721733, 2.281940972558695, 1.853206548523647]}], "-20.0--21.0": [{"red": [578.3646803174008, 544.830445580508, 512.7811378029031, 482.11309320137, 452.6812441135991, 424.3826185608983, 397.1465059644995, 371.01628717182575, 346.0028149677252, 321.8102359305484, 297.9456048004453, 274.2649971840216, 251.01433175901673, 228.52015332117955, 207.00160811789019, 186.60087383265167, 167.39665648536086, 149.38915202474848, 132.72884810674023, 117.55384073307104, 103.9850228478697, 92.09091144382245, 81.68552568530981, 72.53649201957609, 64.59438338603658, 57.78267520294478, 51.95767639799187, 47.0071983321671, 42.78627593589972, 39.15655440698899, 35.97576626424703, 33.14183104875397, 30.5622240758399, 28.174792907693178, 25.937373547848114, 23.804898718101736, 21.766060692890164, 19.826832805636336, 17.956882098745677, 16.159019059984544, 14.454126488776785, 12.827391377501318, 11.289240657298194, 9.852362574296125, 8.513449100231105, 7.279698991430222, 6.15774298231234, 5.147271383333657, 4.244641223551925, 3.446854242490971]}, {"blue": [177.90972517026574, 166.29239916609126, 155.7961522480319, 146.37102520435567, 137.92740332145996, 130.33640361652925, 123.68060839580318, 118.0484014017436, 113.48487565091631, 109.49260691967638, 105.18081866298138, 100.13489281057711, 94.45610153556487, 88.42630921976532, 82.31954606211838, 76.34605852521665, 70.63695215357734, 65.19461807722051, 60.12858540430257, 55.53562877063392, 51.51941663881355, 48.093829767192155, 44.993597827600446, 41.976070035076, 39.085740417892374, 36.34134009646089, 33.728373319360045, 31.2763227797284, 28.976164790327093, 26.839316705793557, 24.846714286424746, 22.991586741787657, 21.25207602789878, 19.61457753214334, 18.06281161436588, 16.583367433770384, 15.1670506471845, 13.811758450075965, 12.509748993292849, 11.260625999640029, 10.071379378911981, 8.937928380827927, 7.867206151547098, 6.864999875972898, 5.932574858701591, 5.072991557583251, 4.290754662719534, 3.5865607752549713, 2.957556161843578, 2.4017901684263387]}], "-21.0--22.0": [{"red": [908.8828221514646, 827.9508916123843, 754.1939874957797, 686.027741158071, 623.8545827079114, 567.4138627303696, 515.7728817647447, 468.7566311811687, 425.93649555999184, 387.03288258404007, 351.69687208962966, 319.6517266774473, 290.57337581323594, 264.01160185030403, 239.46526958329545, 216.66019713900576, 195.46376746643136, 175.7999060000656, 157.6572437374105, 141.2627951913329, 126.78893930908706, 113.96054823224932, 102.37468522114607, 91.84872913429123, 82.35285646046707, 73.9191984310355, 66.47729437918288, 60.00278056163198, 54.42549865841613, 49.6349928117424, 45.4732923867665, 41.82016670580345, 38.519937199035255, 35.4744634306677, 32.64843373882725, 29.956305112767808, 27.36966190293428, 24.91736560908451, 22.556359581738317, 20.283369016285715, 18.12562431442518, 16.07773163991069, 14.146865935859928, 12.34020404132311, 10.662041270006196, 9.115591425940224, 7.707816977319795, 6.44225068854841, 5.310783532005897, 4.310344021509317]}, {"blue": [363.1570474722798, 328.79887306311645, 298.15895041529507, 269.6001259880253, 244.04261568135885, 221.54773955452842, 201.28362637740594, 183.33348081152013, 167.50481477004715, 153.7169855156322, 141.76205913323787, 131.57948463059788, 122.96827830202334, 115.5142445844349, 108.75898955107543, 102.36448059096531, 96.16012697389341, 90.00550893673527, 83.90443951115935, 78.21688639033871, 73.29147021878472, 68.92983531765627, 64.72539307316721, 60.56859491562104, 56.5084153882259, 52.606607200028016, 48.86330487497845, 45.32345830678951, 42.00051248704916, 38.90719818541805, 36.022201861544005, 33.33871047891713, 30.817132521015978, 28.43516698741623, 26.18195737801884, 24.030503567733216, 21.96532659977209, 19.99383988030867, 18.098911392228462, 16.27901916852845, 14.544820793291038, 12.9007578243685, 11.352675540803347, 9.902754239292257, 8.555499929675491, 7.31441618795029, 6.1854406521112315, 5.169078785945491, 4.261224973091804, 3.459201930831838]}],