{"rp": [0.1, 0.11234493440205148, 0.12621384285801251, 0.14179485896514246, 0.15929934128987072, 0.1789647404750054, 0.20105782028944644, 0.22587827631437318, 0.25376280135386714, 0.2850896527178103, 0.32028378333286034, 0.3598226062857106, 0.40424247099543353, 0.45414593886505183, 0.5102099571075231, 0.573195041625182, 0.6439555935096224, 0.7234514891067266, 0.8127611008676167, 0.9130959256151152, 1.0258170186601063, 1.1524534566987765, 1.294723079942415, 1.4545557948495271, 1.6341197535649394, 1.835850765193496, 2.062485337876194, 2.3170977998889395, 2.6031420033166066, 2.9244981760182913, 3.285525557436941, 3.6911215322651687, 4.1467880641233, 4.658706330431421, 5.233820570907402, 5.879932287106996, 6.605806070835402, 7.421288497006765, 8.337441693749241, 9.366693401651878, 10.523005557727089, 11.822063690952728, 13.281489698569587, 14.921080889473224, 16.763078537355728, 18.832469586556662, 21.157325603303395, 23.769183570259635, 26.70347368991138, 29.999999999999996], "-19.0--20.0": [{"red": [602.9949640488717, 577.095507850753, 551.3182428602909, 525.3966816906051, 499.43519067635293, 473.5100490116433, 447.5323082242535, 421.31884702593936, 394.8395208271443, 368.31186569361614, 341.9682837424284, 315.8948685557949, 290.53645324550274, 264.71516311946374, 240.3253938247403, 216.79040675440223, 194.3113918804827, 173.0493800151929, 153.13617470251896, 134.77119713667437, 118.1186261731119, 103.28979647338652, 90.19395209073652, 78.67750434569412, 68.71930427176487, 60.24936687793002, 53.128104619675504, 47.21715785714428, 42.34141187727037, 38.3112019404992, 34.92086998878775, 32.011067942825086, 29.434818899966107, 27.094003115875097, 24.932433714496973, 22.8780809591328, 20.91091643288729, 19.051203922329993, 17.25846235798418, 15.529229087686748, 13.89083442643088, 12.329609478883608, 10.852863879855047, 9.470693055670287, 8.185501609556894, 7.002694381243074, 5.9197933792351645, 4.94842353598465, 4.081079777744312, 3.31416542574381]}, {"blue": [119.29580096973484, 114.9348247786429, 111.09931720231529, 107.80164293422023, 105.22456259246873, 103.39024014575023, 101.65194599577389, 98.96494790838435, 94.9762657694086, 90.17121297665001, 85.11117749746732, 80.04432841260558, 74.99938247548546, 70.04910047207073, 65.1832584037695, 60.51001172306555, 56.03562859666603, 51.77657871925658, 47.786483443538145, 44.14656359078826, 40.932187962107136, 38.17916683895238, 35.68259652728025, 33.25224936764982, 30.91814441224525, 28.70334111446891, 26.59845330551762, 24.62914840151705, 22.790600690837238, 21.08888003317333, 19.511088835051606, 18.047153021193147, 16.67683018637517, 15.39083541017741, 14.174085197061185, 13.014869758961071, 11.899134874054871, 10.835847270442066, 9.816811705032988, 8.837639793719465, 7.902558495187519, 7.01397979519364, 6.174882453977951, 5.3878368984917335, 4.656415419549561, 3.9821299672489703, 3.3676276820466167, 2.814783093494536, 2.3210793742092655, 1.8850176707733624]}], "-20.0--21.0": [{"red": [574.1786133563635, 536.1545339744625, 500.5617217157724, 467.2123011862843, 435.8958691197926, 406.3841680750808, 378.4774603799854, 352.0863540151107, 326.9974399568248, 303.03782102310413, 280.00121915630615, 257.6042219745424, 235.95926167057493, 215.20683488102154, 195.3682383562225, 176.5347022859988, 158.89447124265922, 142.28038037295565, 126.85580954333535, 112.76433067190061, 100.12566850994754, 89.01185837613018, 79.22796584235118, 70.55976007236498, 62.979481467131514, 56.42912223860101, 50.78614486834392, 45.967443617451984, 41.84228951443502, 38.28657515384612, 35.17037329672579, 32.394581589752164, 29.869583425143215, 27.534553339848756, 25.347349539004444, 23.263260524524583, 21.271214723820066, 19.375592656891072, 17.548093068257568, 15.791851891052206, 14.125252287906074, 12.535548790955536, 11.032623167646994, 9.628095814558211, 8.320011985951467, 7.1145860739844045, 6.016801654806676, 5.030500247736174, 4.14826677031783, 3.3686636707854727]}, {"blue": [187.68971205437242, 173.3140760745074, 160.51171430856178, 149.19672883161124, 139.2177140918831, 130.47821757015967, 122.90204266276386, 116.5209528809126, 111.26433630515268, 106.73958264900216, 102.2628019383565, 97.33005603140778, 91.88910125802181, 86.14360269296574, 80.28422340111261, 74.54323343057965, 69.06353456897868, 63.83065849549956, 58.94501134515034, 54.51253637763381, 50.63663148891737, 47.33302359868457, 44.33113699373073, 41.393062438256656, 38.56717789250364, 35.876794239550854, 33.30444343370594, 30.88700842801362, 28.61797610413049, 26.50681771641863, 24.538912936573286, 22.707062917132543, 20.988448084844606, 19.371357344621693, 17.83865623427891, 16.377856255856642, 14.978895024339238, 13.640200436389232, 12.35370148743896, 11.121427669435912, 9.946954358738935, 8.827087655116046, 7.769615629663852, 6.779711659693628, 5.858913446951472, 5.010001940237348, 4.237438619308332, 3.5419821870377777, 2.9207744481100137, 2.3718980898825874]}], "-21.0--22.0": [{"red": [767.6423392260767, 704.3719209558988, 646.4645599153982, 592.4305427016498, 542.8351931035522, 497.5843370965403, 455.8743164050457, 417.65263595803077, 382.62983415593465, 350.6461553969711, 321.43942930867274, 294.8288981436247, 270.5250602469635, 248.07000810292516, 226.97390678111248, 206.9727063774922, 188.0178335496353, 170.08143967687226, 153.25882498901217, 137.87118870355098, 124.17430592968064, 111.93017374171922, 100.76834632922048, 90.54688792256144, 81.26058534163015, 72.96127395323917, 65.59892111895849, 59.169313863255624, 53.61331537647168, 48.83733936877773, 44.69725604993151, 41.07028399874023, 37.80624286965953, 34.80690502372904, 32.02693724626119, 29.3837728613504, 26.84806853641403, 24.441169369835045, 22.12520421839982, 19.896306477489862, 17.779316764661612, 15.770521704405603, 13.876761987203867, 12.104178628541964, 10.4595866809311, 8.942200861741929, 7.561766690490863, 6.321613018653992, 5.209933209998974, 4.227860044331905]}, {"blue": [302.2447249438002, 276.05572734259056, 252.68976469580002, 230.6142435745653, 210.76612517214883, 193.29293725533137, 177.43882827434612, 163.34447842793415, 150.8879171455119, 140.04658048301494, 130.66359948641184, 122.72537305456801, 116.04543892428242, 110.19850248344942, 104.72647383296083, 99.29962002013151, 93.78498287122515, 88.11136755953736, 82.34371603836881, 76.89397873687368, 72.1474325898907, 67.91808917426565, 63.81057871626579, 59.731046680305624, 55.734416828158814, 51.886673302362986, 48.18992506073681, 44.69277829382852, 41.408325891882726, 38.35111960557021, 35.50242265230499, 32.8528380873186, 30.365001355211017, 28.017304688876216, 25.795910823017277, 23.675683649607905, 21.641856236128877, 19.698851463830195, 17.831911519859016, 16.038989792964866, 14.330245214073472, 12.710751666515074, 11.184962821055416, 9.756574352755118, 8.429347846880956, 7.206571283553265, 6.094230091024709, 5.09286223497448, 4.198381913488794, 3.4081886350595147]}],