{"rp": [0.1, 0.11234493440205148, 0.12621384285801251, 0.14179485896514246, 0.15929934128987072, 0.1789647404750054, 0.20105782028944644, 0.22587827631437318, 0.25376280135386714, 0.2850896527178103, 0.32028378333286034, 0.3598226062857106, 0.40424247099543353, 0.45414593886505183, 0.5102099571075231, 0.573195041625182, 0.6439555935096224, 0.7234514891067266, 0.8127611008676167, 0.9130959256151152, 1.0258170186601063, 1.1524534566987765, 1.294723079942415, 1.4545557948495271, 1.6341197535649394, 1.835850765193496, 2.062485337876194, 2.3170977998889395, 2.6031420033166066, 2.9244981760182913, 3.285525557436941, 3.6911215322651687, 4.1467880641233, 4.658706330431421, 5.233820570907402, 5.879932287106996, 6.605806070835402, 7.421288497006765, 8.337441693749241, 9.366693401651878, 10.523005557727089, 11.822063690952728, 13.281489698569587, 14.921080889473224, 16.763078537355728, 18.832469586556662, 21.157325603303395, 23.769183570259635, 26.70347368991138, 29.999999999999996], "-19.0--20.0": [{"red": [927.9437948886002, 862.1941898413811, 798.6259623060631, 737.2035278445346, 678.2430609097031, 621.9044532459571, 568.2128170799497, 517.0917594819749, 468.5369625243805, 422.7481279432402, 379.91901691522105, 340.07773445765696, 303.115082398727, 269.04467439807854, 237.76995765155417, 209.24304862808492, 183.41220850410843, 160.21267044925256, 139.5438191200873, 121.35579599640542, 105.58567641903383, 92.09613247751419, 80.62157744060404, 70.8439706208975, 62.56389350776561, 55.59138389069907, 49.76019943280526, 44.85267310658182, 40.72337534590844, 37.22135889050041, 34.172332552835016, 31.479264404353163, 29.029338926122293, 26.751696254092504, 24.62843224474342, 22.612386308267876, 20.674782025611623, 18.826733606935246, 17.056295321838395, 15.355879256277106, 13.728715996030658, 12.186113499103346, 10.729731816083865, 9.359843631323383, 8.089906847828944, 6.919609656060701, 5.851685559873069, 4.891789710959802, 4.034136810040786, 3.2763913476325306]}, {"blue": [153.30853515153862, 144.37821907251757, 136.39719476090863, 129.27543695334944, 123.19215004931618, 118.10561950767949, 113.32164793273652, 107.84065104626183, 101.40176191060475, 94.5876244188558, 87.96576003783257, 81.65126377742381, 75.57466273017954, 69.8044458659893, 64.31376872848287, 59.18976316514621, 54.41589742617892, 49.99481060419959, 45.950315768202735, 42.34684635490759, 39.2423930387529, 36.64006103497987, 34.321696383218985, 32.083570499460286, 29.927711160351873, 27.87858674819976, 25.91701823461059, 24.06155638661059, 22.31088357181884, 20.678143177788968, 19.15102221554752, 17.726509460956667, 16.38812249765523, 15.126360248977521, 13.930341702354834, 12.790132258497989, 11.69762480876544, 10.65229386745224, 9.650150598588377, 8.688424541081782, 7.768351256221953, 6.895164577663891, 6.070568171395688, 5.296388489130816, 4.577309700304239, 3.9146920606539837, 3.3105190033004472, 2.7673291780505815, 2.281912211258958, 1.8531362183758295]}], "-20.0--21.0": [{"red": [836.6781321815848, 772.4599333271551, 711.743191260097, 654.3228041588026, 600.1748954777303, 549.0960766178529, 500.9220014282449, 455.80537821451423, 413.774414484601, 374.57733228382676, 337.8354229489695, 303.32970610116286, 271.10886302961546, 241.2714122574395, 213.88064804405082, 188.94086311832726, 166.41783447001524, 146.1963497089297, 128.27031080931428, 112.45477010879667, 98.87446051841987, 87.3464181674327, 77.56128910642417, 69.15672872147829, 61.98414486100148, 55.87440274113235, 50.65438206226363, 46.153245222604234, 42.25964201188086, 38.859414119180514, 35.81382733538811, 33.0683698754079, 30.53331438193311, 28.153382451564422, 25.927521914806285, 23.805780151473368, 21.764100287954868, 19.821257697275307, 17.955091373552715, 16.161361193190356, 14.45122446649022, 12.8260671883239, 11.290921034357575, 9.850884080581897, 8.513269518224654, 7.281103818126688, 6.157538579345476, 5.147288869809198, 4.244723004439619, 3.446972373069565]}, {"blue": [216.9858151253028, 199.87508323996053, 184.5766998540322, 170.8871080043608, 158.664646428041, 147.75680217201807, 138.05756662440496, 129.70649980792777, 122.73531237448665, 116.64310421831128, 110.56899911092722, 104.07987269248241, 97.2084305214379, 90.18058671032615, 83.25469224149126, 76.62853454119322, 70.42857330891987, 64.6600788028477, 59.395208725288626, 54.71045482275675, 50.70195766125103, 47.34788811961597, 44.35766356630799, 41.468588230460355, 38.6974652625496, 36.06542034050933, 33.545209737585076, 31.156348281446757, 28.904019672083272, 26.799134298904775, 24.82352836046714, 22.98031195659427, 21.247264369186233, 19.61055562283405, 18.06070162722925, 16.583098664937317, 15.16656281818626, 13.810901432977104, 12.509728361497485, 11.26201164611983, 10.070488264805382, 8.937426137433617, 7.867305162581718, 6.864346013720534, 5.9322968126891125, 5.073074434236436, 4.290461787609998, 3.5864099769311437, 2.957421628826923, 2.4016880120562276]}], "-21.0--22.0": [{"red": [1199.7476222584976, 1070.5198337254913, 955.9030614051345, 853.1743588612629, 761.6781846262604, 680.1237199211371, 606.8925529406101, 541.4779990813308, 483.30304328137373, 431.6858693291166, 385.72664849220837, 344.79908524876373, 308.2422505739584, 275.4472632001236, 246.05109349035965, 219.63341810316905, 195.59568185266238, 174.02864009638694, 154.54221635284082, 137.2775323888056, 122.49183092814992, 109.64141880346911, 98.29764435051297, 88.26502376511876, 79.3442126601878, 71.52278768198114, 64.70039632050037, 58.763122435643915, 53.614005435928924, 49.14677170876777, 45.207308301813825, 41.68491937321764, 38.46050252823141, 35.45570687398273, 32.630571536469965, 29.94640835140539, 27.375778328122838, 24.909556165285185, 22.54964233948165, 20.287524222831063, 18.12211237816713, 16.074420257156213, 14.146411705943711, 12.337280056152604, 10.659274927389177, 9.1144299827224, 7.7065444429983225, 6.440949781257968, 5.309385905698335, 4.310170836040097]}, {"blue": [435.0719564792753, 383.7496887825667, 339.5409720820095, 300.2505796458719, 266.28523330100165, 237.16927697241786, 211.72376722230175, 189.82749829361438, 171.16825920942208, 155.44570654346637, 142.16914516855618, 131.11058879751948, 121.90403055059677, 114.05973880067644, 107.17293024085478, 100.80691851767149, 94.71908046831001, 88.71543183998237, 82.7562243402608, 77.18823338545978, 72.42315480931381, 68.16429224087433, 64.06121076365488, 60.02900961351255, 56.07294319157717, 52.26810588122605, 48.62034340046624, 45.15760400914557, 41.89099136220899, 38.841312630768925, 35.98635977322261, 33.318421030093184, 30.807232079375023, 28.431284748182332, 26.17695284558619, 24.026348638944448, 21.966106608931103, 19.990719291880716, 18.096712796213257, 16.279618604760536, 14.542991659338194, 12.899954497730127, 11.352840792497734, 9.902305505957544, 8.554897558481128, 7.314381289851316, 6.185589551621799, 5.1692747395915255, 4.261234248798755, 3.4591463967772484]}],