{"rp": [0.1, 0.11234493440205148, 0.12621384285801251, 0.14179485896514246, 0.15929934128987072, 0.1789647404750054, 0.20105782028944644, 0.22587827631437318, 0.25376280135386714, 0.2850896527178103, 0.32028378333286034, 0.3598226062857106, 0.40424247099543353, 0.45414593886505183, 0.5102099571075231, 0.573195041625182, 0.6439555935096224, 0.7234514891067266, 0.8127611008676167, 0.9130959256151152, 1.0258170186601063, 1.1524534566987765, 1.294723079942415, 1.4545557948495271, 1.6341197535649394, 1.835850765193496, 2.062485337876194, 2.3170977998889395, 2.6031420033166066, 2.9244981760182913, 3.285525557436941, 3.6911215322651687, 4.1467880641233, 4.658706330431421, 5.233820570907402, 5.879932287106996, 6.605806070835402, 7.421288497006765, 8.337441693749241, 9.366693401651878, 10.523005557727089, 11.822063690952728, 13.281489698569587, 14.921080889473224, 16.763078537355728, 18.832469586556662, 21.157325603303395, 23.769183570259635, 26.70347368991138, 29.999999999999996], "-19.0--20.0": [{"red": [1262.4299001015384, 1146.8352246553168, 1037.8981284846166, 935.8258869381159, 840.588689764079, 752.432389024333, 671.3004632746262, 596.6270859577791, 528.2504749104412, 466.00007560468947, 409.56239317174646, 358.87835585524203, 313.60726181717524, 273.279792076345, 237.58236861477758, 206.04617663874214, 178.28012232730134, 154.08915995212237, 133.14600288671943, 115.16695981853837, 99.96661424877776, 87.26488936714532, 76.64589104748325, 67.709970218948, 60.21025892612143, 53.913227001131474, 48.61230322413775, 44.14222298800326, 40.30607858176179, 36.97570112321946, 34.051906675237355, 31.41477979236173, 28.99740102717407, 26.75136785705136, 24.618070880487345, 22.601385587554848, 20.681430226780456, 18.82357928075758, 17.050614879185538, 15.357155487203269, 13.727577650567001, 12.184244272224616, 10.727942482794978, 9.36000755824228, 8.089215632909271, 6.917931856815027, 5.852066413057056, 4.8915537833891545, 4.033438841129674, 3.2763546227529186]}, {"blue": [185.19417860269064, 171.62312639956846, 159.38333194967555, 148.48765304789637, 138.97835975240955, 130.86850988874858, 123.49655879827078, 115.74145233773008, 107.37435899773176, 98.94033470789502, 90.9407270786172, 83.53078885053594, 76.61843827328843, 70.21510562743616, 64.27956969018796, 58.85298551452928, 53.88477849302744, 49.3657565624229, 45.29504623135105, 41.714756694650994, 38.67028266595173, 36.15486358073662, 33.93060647917884, 31.78055132289077, 29.70821963670937, 27.7236631961426, 25.814406328362175, 24.000747628600678, 22.27586040046801, 20.657239345473506, 19.140078904452977, 17.72006957516195, 16.384175928185634, 15.125365306555535, 13.928387932478856, 12.78800919088214, 11.697543298296786, 10.651171711887603, 9.649598704849781, 8.688563177751407, 7.768312246160473, 6.8948986187446435, 6.070340439635485, 5.296332482753127, 4.577101790579216, 3.914524143524902, 3.3100848358150703, 2.7672823341985406, 2.281822152854996, 1.8531242888093031]}], "-20.0--21.0": [{"red": [1109.5247509304486, 1003.4986614174821, 904.7864119655904, 813.4228101800381, 728.991764559382, 651.5331071194536, 580.8906809784677, 516.5439398888182, 458.49403768111586, 406.211902216816, 358.7336225080063, 315.855813431038, 277.3159346225449, 242.7881187713164, 212.1981919697229, 185.14631341112786, 161.30742862687504, 140.54890883542288, 122.56575445189542, 107.13741944087953, 94.17706863283966, 83.39786510472354, 74.38331613814702, 66.73009417901856, 60.20321113350202, 54.62477631027007, 49.8257250620526, 45.6535909279482, 41.973285306701435, 38.695180789352, 35.73895628972251, 33.027972225475786, 30.51109820299012, 28.154443045233897, 25.91757134492933, 23.797000338177448, 21.771973144930648, 19.8172159687077, 17.950221906259443, 16.16497300653215, 14.449356546112162, 12.824684466903943, 11.291475734162491, 9.850499550606559, 8.512650101992246, 7.280005378131563, 6.1576494275923785, 5.147043213989012, 4.244046092843197, 3.447035119112771]}, {"blue": [257.17515067463086, 233.71719955850017, 212.66816371906134, 193.91813586764044, 177.13594079733522, 162.30048407215685, 149.35506418994476, 138.1876195644462, 128.89968768860916, 120.95886551246079, 113.34062669276126, 105.67824119809764, 97.94192144772367, 90.25586964515091, 82.88815333009117, 75.96794207864822, 69.57650046157892, 63.733601939807464, 58.47514427723679, 53.849297701965845, 49.94583169163995, 46.719589782432074, 43.86001766844169, 41.096068159865446, 38.43427421087977, 35.881318845147234, 33.42680799750543, 31.088447957486384, 28.866305095575747, 26.77545496850813, 24.812653798579596, 22.97348597530058, 21.242072147361746, 19.60903641770049, 18.056601332505668, 16.58054369922272, 15.167299020940954, 13.809818038462568, 12.50835600404891, 11.26200078126196, 10.069576906839004, 8.936576194956722, 7.86665434336066, 6.863584518678806, 5.930621968505619, 5.073226650166729, 4.2899810511994705, 3.586354337586165, 2.9572674679451976, 2.401653626394145]}], "-21.0--22.0": [{"red": [1460.0798964746102, 1285.7770439608307, 1132.6325029462519, 997.6343164477288, 878.4909398557734, 773.6884215609285, 681.181237983989, 598.870489633257, 526.245398030201, 462.68391484469896, 406.7682648527036, 358.09550283880384, 315.6590279737878, 278.31356449928006, 245.55811897183716, 216.75506730507215, 191.3478612775213, 169.00801998389227, 149.30963706547413, 132.19193231056855, 117.70042711540461, 105.40390231701626, 94.72169915805478, 85.32417894796234, 77.08096075210482, 69.8633274792523, 63.52768484598066, 58.0152379811963, 53.159967596106746, 48.8753138760397, 45.070718475470436, 41.610883204104994, 38.42439748296636, 35.453737089611735, 32.623652343149075, 29.93599854528838, 27.378056156519598, 24.909837682707423, 22.54599270137711, 20.285700179589494, 18.122702026975748, 16.073897752312433, 14.144524586770826, 12.338882910313654, 10.65963059549103, 9.113299007538558, 7.7077980906490815, 6.441430299528124, 5.309624917566942, 4.31048757725408]}, {"blue": [480.88856263410065, 412.98096832462505, 363.53335593986145, 317.4452058028054, 278.38476927269704, 245.4657355202381, 217.37299436866817, 193.26247280169156, 172.83941888524308, 155.90821758832132, 141.5664390895714, 129.914405765133, 120.41162292226801, 112.39233106474937, 105.4611275838752, 99.1551235983547, 93.16557081621185, 87.33392930543516, 81.56103184008204, 76.1754383387946, 71.55221940759279, 67.452546541323, 63.49748948058294, 59.57694243720201, 55.74015639359507, 52.03472847980332, 48.45763100843387, 45.06046384376066, 41.833227176550274, 38.8046192412305, 35.97152454731182, 33.30857746750168, 30.80087714112503, 28.436087278700395, 26.176250032490827, 24.024525653379467, 21.96754562179609, 19.99177602979632, 18.096067195231107, 16.27924224452115, 14.543621384456678, 12.899897996581569, 11.352317363078647, 9.902352219152004, 8.554788126493388, 7.31410713183202, 6.185483772836019, 5.168976092240127, 4.260999896789536, 3.4591050478065237]}],