{"rp": [0.1, 0.11234493440205148, 0.12621384285801251, 0.14179485896514246, 0.15929934128987072, 0.1789647404750054, 0.20105782028944644, 0.22587827631437318, 0.25376280135386714, 0.2850896527178103, 0.32028378333286034, 0.3598226062857106, 0.40424247099543353, 0.45414593886505183, 0.5102099571075231, 0.573195041625182, 0.6439555935096224, 0.7234514891067266, 0.8127611008676167, 0.9130959256151152, 1.0258170186601063, 1.1524534566987765, 1.294723079942415, 1.4545557948495271, 1.6341197535649394, 1.835850765193496, 2.062485337876194, 2.3170977998889395, 2.6031420033166066, 2.9244981760182913, 3.285525557436941, 3.6911215322651687, 4.1467880641233, 4.658706330431421, 5.233820570907402, 5.879932287106996, 6.605806070835402, 7.421288497006765, 8.337441693749241, 9.366693401651878, 10.523005557727089, 11.822063690952728, 13.281489698569587, 14.921080889473224, 16.763078537355728, 18.832469586556662, 21.157325603303395, 23.769183570259635, 26.70347368991138, 29.999999999999996], "-19.0--20.0": [{"red": [1639.10099299599, 1452.1711043687683, 1281.69884908631, 1127.1807499189438, 987.9534011656805, 863.2936053396373, 752.2653767356585, 653.6734732236478, 566.3811749757061, 489.4996390387611, 422.2001866616426, 363.4057996575082, 312.3055337146743, 268.2597647122545, 230.23653014214952, 197.6063473314509, 169.70691561855367, 145.7437586739871, 125.44038272972726, 108.42466122572183, 94.20634783062708, 82.58607238381512, 73.02131109074817, 64.95705927589843, 58.235617069596984, 52.57400878969464, 47.72835794762662, 43.59408923242131, 39.997065310992966, 36.81752961463365, 33.968074417646164, 31.374808043642243, 28.980430179338537, 26.738779842656637, 24.618296003521927, 22.59803033007314, 20.67086778603974, 18.82698768410129, 17.052349968992985, 15.349893899831606, 13.728872906297244, 12.184196353373764, 10.724814251913498, 9.359792046691322, 8.08824045603785, 6.916946414336218, 5.850848405151677, 4.8903718269089875, 4.03220452290485, 3.2753930887566485]}, {"blue": [221.77825057326606, 201.35058297258604, 183.15088647178524, 167.14651396589053, 153.38427401268098, 141.76072814926397, 131.49586421881088, 121.4254007791611, 111.18689608011516, 101.2831550698953, 92.20406237049843, 83.97680753496702, 76.47132350979358, 69.69605410847099, 63.52508522107279, 57.98932179101792, 53.010196806451425, 48.51377704914306, 44.50982348816622, 41.028749543056925, 38.084949553366535, 35.68562131182534, 33.574167228574574, 31.51086486857056, 29.52081905010547, 27.602218034597758, 25.7375640348753, 23.954919942729195, 22.25163113537157, 20.64497110849031, 19.1337998311081, 17.71699821239593, 16.382992588213284, 15.124330018413012, 13.929015704658957, 12.788440399914467, 11.697396398685408, 10.652239847985367, 9.65023757615068, 8.68836993414596, 7.768996221552633, 6.895479202018829, 6.0706706393666305, 5.297014758591643, 4.577857054620807, 3.9152675857159265, 3.3123781830511576, 2.7669452939713475, 2.2818919907548856, 1.8531412864731482]}], "-20.0--21.0": [{"red": [1409.9863644892198, 1245.4560879994342, 1096.5192703161742, 962.6331861422586, 842.5815547434852, 735.6238761174342, 641.0173232166884, 557.736282416449, 484.93456110105836, 421.43270513504484, 365.76643973718353, 316.8746398062812, 274.15271216123296, 237.07020094950707, 204.9857642127713, 177.38398873239822, 153.71191146399553, 133.32874796056046, 116.05804990656324, 101.55702605508917, 89.47830946476469, 79.65319309917274, 71.54025027806202, 64.61092790556981, 58.72508803113439, 53.65767003919312, 49.194382214747705, 45.28327980323095, 41.7745389556749, 38.59061266430779, 35.6848352286694, 32.99998511295019, 30.497494214263313, 28.147293521576266, 25.91737765577499, 23.79300245417515, 21.76584334342874, 19.82006815666566, 17.950134295742252, 16.159562030679854, 14.451129521984386, 12.824704831223741, 11.28871648541363, 9.851325681852774, 8.512596413028136, 7.279340894348927, 6.1575235442543415, 5.14689431805975, 4.24397489848686, 3.446765175721326]}, {"blue": [301.4332204299505, 269.2000276396443, 240.6517053528676, 215.56054529227015, 193.48186390576396, 174.243503948205, 157.71343907457884, 143.7808893652735, 132.35365586214496, 122.79160810065437, 114.04120755425984, 105.54150520223034, 97.22331682154541, 89.21669076873418, 81.6551590080641, 74.67726408190786, 68.33900167748133, 62.562334838619165, 57.42062911427033, 52.95082037450136, 49.18999679234951, 46.1238632618151, 43.41633931307341, 40.767310524198486, 38.21427487144867, 35.74251482867844, 33.3391940267508, 31.040495029341933, 28.841217821258127, 26.76300626083137, 24.806626031024216, 22.970240292213212, 21.24077973119253, 19.608755066271534, 18.058097407480464, 16.58004276116483, 15.166752719129116, 13.810654970697811, 12.508906988295664, 11.26175565252252, 10.070481033358025, 8.937279128040938, 7.867006983095067, 6.8646550140019, 5.932283152685024, 5.073200217628917, 4.291110577902319, 3.5860256351893254, 2.9572400103776553, 2.401583945259942]}], "-21.0--22.0": [{"red": [1742.0261283494674, 1514.1363508543104, 1315.2889697329113, 1140.8387561736674, 989.1337155568052, 857.2456178116386, 742.1085935388253, 642.5024299463694, 555.7775549909646, 480.6219423888194, 416.2515384849488, 360.9507455309946, 313.7627885777728, 273.75871060120784, 239.17060936290886, 209.39419882065476, 183.90886001535975, 161.6929419393937, 142.51801003320628, 126.23802280397723, 112.5586006699245, 101.12364296795361, 91.30627344962193, 82.67126127455064, 75.11619523779247, 68.48500559022767, 62.60307721312052, 57.41621331428564, 52.8149000449212, 48.70304076507937, 44.97567198721656, 41.569634404200166, 38.407729041771674, 35.43518301134316, 32.62603156231983, 29.93908779024822, 27.36744471089026, 24.912588751118957, 22.549310756674224, 20.28070703773903, 18.12317177031224, 16.074489700257924, 14.14384140275439, 12.33822762788516, 10.659271469206034, 9.113530582285382, 7.707110142822864, 6.440898401044624, 5.30942823640793, 4.309958386331523]}, {"blue": [514.3344337959484, 442.44817957777036, 382.10196192255813, 330.2319450120723, 286.7767557240936, 250.53143604136991, 219.79465507831281, 194.12618522843084, 172.50172904187693, 154.453739857997, 139.6607178145733, 127.5779858217434, 117.84422855814483, 109.98409374848418, 103.16492421262173, 97.03490768835795, 91.35778815582893, 85.74589492763525, 80.20864750387824, 75.08472448290476, 70.65876811181036, 66.74340783072874, 62.96120985958349, 59.17078953452726, 55.45058713954344, 51.83926519100946, 48.33185510091813, 44.980744552623044, 41.79134663899529, 38.78792625087323, 35.95783887445584, 33.30347152245878, 30.80061948532379, 28.431437225798547, 26.176367270040064, 24.025278279964326, 21.9644469701181, 19.99184785108489, 18.09665415261947, 16.27839151561892, 14.543933082533709, 12.900216304868698, 11.352158618635112, 9.902440212270108, 8.554931828120193, 7.314413839638364, 6.185634088094901, 5.1692743236631555, 4.261650413727009, 3.4590104850290233]}],