{"rp": [0.1, 0.11234493440205148, 0.12621384285801251, 0.14179485896514246, 0.15929934128987072, 0.1789647404750054, 0.20105782028944644, 0.22587827631437318, 0.25376280135386714, 0.2850896527178103, 0.32028378333286034, 0.3598226062857106, 0.40424247099543353, 0.45414593886505183, 0.5102099571075231, 0.573195041625182, 0.6439555935096224, 0.7234514891067266, 0.8127611008676167, 0.9130959256151152, 1.0258170186601063, 1.1524534566987765, 1.294723079942415, 1.4545557948495271, 1.6341197535649394, 1.835850765193496, 2.062485337876194, 2.3170977998889395, 2.6031420033166066, 2.9244981760182913, 3.285525557436941, 3.6911215322651687, 4.1467880641233, 4.658706330431421, 5.233820570907402, 5.879932287106996, 6.605806070835402, 7.421288497006765, 8.337441693749241, 9.366693401651878, 10.523005557727089, 11.822063690952728, 13.281489698569587, 14.921080889473224, 16.763078537355728, 18.832469586556662, 21.157325603303395, 23.769183570259635, 26.70347368991138, 29.999999999999996], "-19.0--20.0": [{"red": [1008.5154668257097, 932.0631109911639, 858.42229713618, 787.7903989674393, 720.3757042468068, 656.3807701172669, 595.9544225841998, 538.9597085790995, 485.41257101737847, 435.4801960168769, 389.2237170639271, 346.4545579292449, 307.07816895601616, 271.1040713790104, 238.40080866799346, 208.9298891331444, 182.528909048895, 158.92284895513575, 138.07448615307197, 119.8645318593828, 104.15060086619721, 90.8464457208195, 79.59938302425947, 70.0098650079672, 61.922481056375005, 55.13419469605546, 49.41700630559424, 44.638183664542666, 40.60606559150935, 37.15276743440189, 34.136855332848825, 31.453593448116596, 29.015448220884533, 26.75482124163133, 24.62908176428401, 22.60502781830923, 20.67293883353969, 18.83042795287324, 17.054928709091158, 15.350335802843304, 13.731464634566857, 12.186033319915929, 10.725781993968539, 9.361314451286693, 8.089089026448796, 6.918091431343461, 5.851989279745458, 4.891435897568333, 4.033393175238358, 3.2762934242769837]}, {"blue": [160.97559401548327, 151.08807046602575, 142.1202272066967, 134.12825227578446, 127.24111608673635, 121.44056787639174, 116.0532535685327, 110.02177390440181, 103.09377638625162, 95.86468443961583, 88.8985081494538, 82.29138447027323, 75.9703685362008, 70.00856786683302, 64.37226294955029, 59.154166698177555, 54.323549625869845, 49.86117711014802, 45.799816241584836, 42.196229234989595, 39.09460152076382, 36.514229686381555, 34.22217610799465, 31.99898290057121, 29.868087380675778, 27.835271695206327, 25.885627857503895, 24.043137902662167, 22.30101276668955, 20.67131337923899, 19.146995907104564, 17.723393943254976, 16.38617602593741, 15.126129612738652, 13.929803609475867, 12.788504416623294, 11.696796628039058, 10.652059106603758, 9.650253393447228, 8.68807344212893, 7.768802755343519, 6.895336882986485, 6.070347504029323, 5.296636607610187, 4.577562366491092, 3.915063188544299, 3.310594060404172, 2.7673463562546505, 2.281889141354291, 1.8531314883723058]}], "-20.0--21.0": [{"red": [902.4079117576039, 829.4201051017961, 760.5257215706749, 695.4569383339561, 634.0744275005852, 576.3948408463494, 522.5203836643263, 472.60489550476245, 426.5864359004352, 384.10413800119585, 344.62849444675936, 307.81150795523195, 273.7033232679839, 242.4361214367339, 213.97785156859277, 188.34487838997848, 165.43355640002437, 144.94519784639795, 126.88837879436934, 111.15657795935856, 97.6551588181122, 86.31652205554938, 76.73780276989058, 68.5065967310534, 61.501581176709074, 55.537180196182646, 50.39943625142524, 46.00581924102917, 42.18353513689371, 38.81062531253656, 35.79534295516971, 33.051382420603474, 30.521513033758534, 28.161223652276078, 25.926127470756796, 23.797348548297467, 21.767731510245966, 19.822754526365, 17.952299163080863, 16.160026195591747, 14.452943602029784, 12.825677347998719, 11.288866181850945, 9.852324943247075, 8.513097506757125, 7.279545903753729, 6.1579575697371345, 5.146890831648675, 4.244021753118206, 3.446994524944814]}, {"blue": [226.50980717743624, 208.1611090308037, 191.71019918185272, 176.908068487322, 163.55731451638937, 151.60559755610163, 141.057900756419, 132.03412076842056, 124.5110896051297, 117.95811196839527, 111.49768372996958, 104.67516536334702, 97.54090555466064, 90.32784931940407, 83.24452745223661, 76.513570306165, 70.26467820172773, 64.45454664878918, 59.17628134245807, 54.50197136453737, 50.5045431801047, 47.1842222555348, 44.22974246750245, 41.364441792386074, 38.630108670602446, 36.01542534389468, 33.50768630550356, 31.13856148231643, 28.89559426102744, 26.7920121840279, 24.821827017576325, 22.97826737787295, 21.245391206422095, 19.612172972594237, 18.060667663283677, 16.58178157054171, 15.167515400123008, 13.811526935395735, 12.509559963845234, 11.2620744238753, 10.070970636801457, 8.937655160376968, 7.867220891496307, 6.865013801952204, 5.932600955841776, 5.073574352140981, 4.290565378021001, 3.586398509833175, 2.957336347871393, 2.401669836700796]}], "-21.0--22.0": [{"red": [1260.1094125811023, 1125.0289542200514, 1001.5385535700194, 889.8967955894683, 790.8008296199141, 703.3057948744538, 625.6730531172399, 557.0166665429125, 495.78989012641574, 441.0618388204153, 392.3479279040456, 349.0146542585363, 310.6792393533625, 276.8350892660444, 246.45790124825027, 219.29670980524955, 194.95642008622121, 172.98869243653627, 153.34670981381427, 136.1273356026908, 121.30044327225507, 108.56361833479572, 97.40085207560179, 87.4771495952597, 78.73306642148134, 71.07470055050169, 64.35973204862391, 58.53552201473494, 53.48285887924826, 49.075000851843846, 45.167073635375516, 41.66075224622427, 38.446907548343034, 35.45113765285014, 32.6354247611019, 29.94439922643157, 27.368548184934888, 24.91515499853615, 22.551827177910422, 20.281440530917646, 18.124980834488948, 16.074748813561268, 14.144316686138477, 12.339898927343205, 10.660372357553229, 9.115152643421496, 7.708025412400752, 6.441056575144843, 5.3094120969525145, 4.31027907230939]}, {"blue": [449.2842010295858, 394.9245374797737, 348.466067835085, 306.51865710353127, 269.3172610452968, 239.046686835109, 212.99086445310746, 190.8714673127245, 171.96181288714098, 155.8519967653659, 142.2350604037904, 130.8706186798164, 121.50365319771272, 113.69295383574958, 106.78416379073686, 100.4120020276428, 94.36682385916447, 88.37768513869588, 82.45686653411511, 76.9567066623425, 72.17706597466916, 67.97978148944496, 63.92831849724006, 59.90714290856056, 55.98349897655493, 52.21083484810396, 48.57307422341595, 45.12877828982802, 41.87673452350198, 38.83241654277705, 35.9834398004575, 33.3160964826363, 30.80661736278519, 28.432484165113586, 26.180392325124735, 24.028479516802552, 21.96472783585512, 19.992219689224424, 18.098240653220365, 16.278493695586157, 14.544352091166967, 12.900178290041564, 11.352172158632866, 9.90254942129791, 8.5548654887139, 7.314177299605687, 6.185623420038071, 5.169221991239968, 4.261244443277036, 3.4591238037985392]}],