{"rp": [0.1, 0.11234493440205148, 0.12621384285801251, 0.14179485896514246, 0.15929934128987072, 0.1789647404750054, 0.20105782028944644, 0.22587827631437318, 0.25376280135386714, 0.2850896527178103, 0.32028378333286034, 0.3598226062857106, 0.40424247099543353, 0.45414593886505183, 0.5102099571075231, 0.573195041625182, 0.6439555935096224, 0.7234514891067266, 0.8127611008676167, 0.9130959256151152, 1.0258170186601063, 1.1524534566987765, 1.294723079942415, 1.4545557948495271, 1.6341197535649394, 1.835850765193496, 2.062485337876194, 2.3170977998889395, 2.6031420033166066, 2.9244981760182913, 3.285525557436941, 3.6911215322651687, 4.1467880641233, 4.658706330431421, 5.233820570907402, 5.879932287106996, 6.605806070835402, 7.421288497006765, 8.337441693749241, 9.366693401651878, 10.523005557727089, 11.822063690952728, 13.281489698569587, 14.921080889473224, 16.763078537355728, 18.832469586556662, 21.157325603303395, 23.769183570259635, 26.70347368991138, 29.999999999999996], "-19.0--20.0": [{"red": [736.1742599428953, 693.2829505335931, 651.1732851447462, 609.9067490228887, 569.513980113853, 530.2342213450502, 492.1600943434014, 455.13611390550807, 419.2073542942739, 384.54027107634874, 351.2173591768031, 319.3471333156697, 288.96415710676837, 260.14868893378616, 233.01901169806482, 207.6684616906172, 184.1327345942172, 162.45241238170863, 142.68254351303432, 124.88814647281735, 109.12687462704208, 95.3997708125299, 83.50823659969231, 73.22246108933857, 64.42906251701672, 56.978536425374976, 50.71376412279507, 45.50325951712924, 41.13453831408406, 37.4451266093549, 34.29886695570658, 31.531238099934548, 29.04943423263343, 26.781124925456965, 24.63140394809171, 22.60342803477791, 20.68645336719335, 18.82967571735777, 17.052442661047493, 15.357809441198361, 13.731468414814259, 12.186621192055132, 10.728777373823489, 9.36289730146398, 8.090649308118417, 6.9185366474043075, 5.853388103657535, 4.892509388338714, 4.034246562145204, 3.2772565028181417]}, {"blue": [135.7054781761569, 128.77257866690627, 122.61391888792865, 117.24645359004235, 112.78687161142129, 109.2014605284792, 105.86815177654944, 101.70509354375776, 96.47840896738145, 90.76169145501648, 85.07579257876581, 79.56651789055383, 74.16219141263323, 68.91925101948227, 63.844887928710435, 59.041048937148304, 54.49725089153545, 50.228909537936744, 46.27500479729931, 42.709807601559646, 39.60135455053251, 36.9696640682205, 34.603644847504, 32.30736236976052, 30.10469032644415, 28.002204583688975, 26.001402281858805, 24.117016294560468, 22.345901652648145, 20.697009612766784, 19.16357913396712, 17.73188671503713, 16.390778261553557, 15.13026868971743, 13.931965754296845, 12.791949312322668, 11.698705107765491, 10.651871619920948, 9.649583219037375, 8.688251055571792, 7.768244137745126, 6.894627987840355, 6.0701093303574245, 5.295813256725782, 4.577601000356673, 3.9147272479298056, 3.310898900283111, 2.767340481219485, 2.281921750755171, 1.8531976908030512]}], "-20.0--21.0": [{"red": [677.086660560201, 633.133607455496, 591.1381609284298, 550.9359608925796, 512.3502171849523, 475.47894565373247, 440.39701588065424, 407.07260266014265, 375.54436684781354, 345.4962973392429, 316.37593725927945, 288.1640046680414, 261.0769702959354, 235.3393072835101, 211.1677110623334, 188.63631033831618, 167.77487929436475, 148.65201401938126, 131.25955122858898, 115.66934330476884, 101.97046540878017, 90.1444123864349, 79.9328418738677, 71.0632574532531, 63.433400790062734, 56.91074174582026, 51.34644640390394, 46.616391066406266, 42.543995527533035, 39.005611874283005, 35.89847455893658, 33.10182502534219, 30.545178060655658, 28.176062247312398, 25.92461997911733, 23.797223656088157, 21.777885605561206, 19.82007237510085, 17.949929923116745, 16.16662772867526, 14.4510992152247, 12.825475273892687, 11.291698871940806, 9.85154311187592, 8.513577599102936, 7.280253537000302, 6.158554920301177, 5.147587293507163, 4.244316518971017, 3.447466001312931]}, {"blue": [193.08592898371748, 179.51239889240702, 167.27150024524482, 156.24700863158444, 146.26971768885502, 137.37029828960382, 129.57325332756898, 122.93065546574455, 117.47754057241411, 112.6953546116415, 107.65922782191515, 102.01041633382181, 95.83933367292448, 89.37914177921002, 82.91086449582363, 76.63085750750183, 70.67358008680047, 65.06461070026714, 59.88900656628412, 55.22940054330322, 51.197838016510495, 47.78897363411206, 44.72383386791475, 41.75379905040891, 38.917294402950304, 36.216203552074816, 33.64052277988736, 31.222618442031056, 28.943843527181485, 26.817824949110616, 24.836505666235283, 22.98630375835805, 21.249150917564126, 19.615259423135953, 18.061042206760405, 16.582112927798097, 15.169485321807816, 13.811344929123152, 12.509328932584364, 11.263221236798843, 10.070777215906215, 8.93766107103652, 7.867710438288348, 6.8648494934801985, 5.932850606471353, 5.073133066961845, 4.290660121848567, 3.5865103190699354, 2.957410891255439, 2.4017768802213686]}], "-21.0--22.0": [{"red": [1031.5147094849, 930.0652997924999, 838.5201039304548, 755.2970551949621, 680.5563207547785, 613.8057225546654, 552.2908225695743, 499.5645488219594, 450.65268173015517, 406.54255037326584, 366.7231544227258, 330.9443453989318, 298.7713801540649, 269.61508810204504, 243.01583627595727, 218.6261706991095, 196.22232596006594, 175.63818349895044, 156.82250860615076, 139.96515776458895, 125.21762898181586, 112.29781839816847, 100.7521127055637, 90.34351373397122, 81.07410629469568, 72.87540005943266, 65.66463942150337, 59.434462571452656, 54.047457114295334, 49.39753772080733, 45.35230162813641, 41.746404813040705, 38.481999130012774, 35.480436885655756, 32.63835951237905, 29.94228069779084, 27.381142454172576, 24.915085098190133, 22.549865956782085, 20.28641875610708, 18.125312067514532, 16.075928759859945, 14.145853372831265, 12.340771138562854, 10.660974635076126, 9.114353223352362, 7.709009311765009, 6.441905653924434, 5.310072858129013, 4.311090705209007]}, {"blue": [396.4621935912978, 354.93844509903596, 317.7483076015289, 283.9420186772067, 254.28128833719586, 228.71421712393365, 206.20147522445708, 186.554692741282, 169.45333571525245, 154.72841339997976, 142.0784279483517, 131.44074698285698, 122.54937598762778, 114.91961314016753, 108.10690403525156, 101.73801026885724, 95.58983115801698, 89.4968815966564, 83.45701930361469, 77.8227758703022, 72.95427853361726, 68.63049414769654, 64.46268291338176, 60.34092696656125, 56.327458265136194, 52.463414065392946, 48.751949802853915, 45.2501154588454, 41.949875585467176, 38.87360080133114, 36.00906278304379, 33.32728844193059, 30.808767668858778, 28.43916707223378, 26.1801493500487, 24.026267611158964, 21.96884487889803, 19.99303922686987, 18.09720029859923, 16.280109125337823, 14.544859043661821, 12.90045803791913, 11.352430254155085, 9.902615037927353, 8.554982142314952, 7.31407981052455, 6.185626108601591, 5.169281415162616, 4.261145652429686, 3.4592221230305595]}],