{"rp": [0.1, 0.11234493440205148, 0.12621384285801251, 0.14179485896514246, 0.15929934128987072, 0.1789647404750054, 0.20105782028944644, 0.22587827631437318, 0.25376280135386714, 0.2850896527178103, 0.32028378333286034, 0.3598226062857106, 0.40424247099543353, 0.45414593886505183, 0.5102099571075231, 0.573195041625182, 0.6439555935096224, 0.7234514891067266, 0.8127611008676167, 0.9130959256151152, 1.0258170186601063, 1.1524534566987765, 1.294723079942415, 1.4545557948495271, 1.6341197535649394, 1.835850765193496, 2.062485337876194, 2.3170977998889395, 2.6031420033166066, 2.9244981760182913, 3.285525557436941, 3.6911215322651687, 4.1467880641233, 4.658706330431421, 5.233820570907402, 5.879932287106996, 6.605806070835402, 7.421288497006765, 8.337441693749241, 9.366693401651878, 10.523005557727089, 11.822063690952728, 13.281489698569587, 14.921080889473224, 16.763078537355728, 18.832469586556662, 21.157325603303395, 23.769183570259635, 26.70347368991138, 29.999999999999996], "-19.0--20.0": [{"red": [1360.18021480875, 1227.6163745170431, 1103.884379887873, 988.7724804183149, 882.5402176249012, 784.9793304097471, 695.6697119922874, 614.3216296961667, 540.5122220637104, 474.0181961769724, 414.6036591904248, 361.6544684270753, 314.56287011792665, 272.8908734819342, 236.19092936207463, 204.0985889860385, 176.20725226325686, 152.05537603472285, 131.21105287476428, 113.39872684916531, 98.42180239381939, 85.972698597798, 75.6265010366653, 66.9569296542018, 59.64914806936912, 53.52763589349966, 48.3809191036342, 43.97694259234753, 40.20240206064385, 36.93755652849849, 34.025244361953845, 31.405110828380167, 28.99244305285018, 26.736052443861396, 24.62273249466437, 22.606333892429138, 20.668947455086087, 18.825313741681967, 17.054736863218512, 15.351722271827764, 13.727604168230002, 12.184741160935857, 10.72736771383174, 9.358268191115819, 8.087636391252389, 6.91716915096597, 5.849808841177396, 4.889731174598758, 4.032183666504364, 3.274319312660982]}, {"blue": [194.69083188633633, 179.48440222382268, 165.81404855343294, 153.59283910451677, 143.04311226883237, 134.07159026442508, 125.91090692304407, 117.5199949615897, 108.60517711903249, 99.72936351633892, 91.44863049551093, 83.811246839536, 76.71136533871228, 70.17237207810952, 64.13366677511543, 58.652463813200896, 53.67369618804637, 49.1581359871968, 45.09679033902655, 41.53461448302974, 38.51389900728294, 36.02505570709979, 33.82981674541145, 31.70745508477687, 29.653231034880857, 27.68980563684393, 25.79453374642127, 23.98645281408001, 22.267026388864554, 20.654422692299953, 19.137667137738003, 17.71886449458464, 16.38382996558706, 15.123534050851857, 13.928583344082012, 12.788218439973036, 11.696090025283938, 10.651035216080027, 9.649860911146932, 8.687907858061974, 7.7681686218513715, 6.894767636469437, 6.070072547462226, 5.2960447740657255, 4.576863811506728, 3.9142315998732395, 3.3095240935776324, 2.7672709847034302, 2.281840061076519, 1.853099365988037]}], "-20.0--21.0": [{"red": [1187.9588841277864, 1067.9394156470519, 957.3043717040274, 855.2435904558253, 761.9029965911478, 676.7318023698717, 599.2429318065347, 529.6106838137396, 467.3339705045878, 411.7130787140834, 362.0196677570962, 317.4083799508525, 277.4892639717784, 242.0462218761964, 210.71171170198457, 183.26590138250668, 159.44161441822885, 138.76184907648047, 120.9081965277349, 105.67050303381446, 92.89906970681456, 82.35972961301664, 73.58889362791112, 66.13240170598229, 59.77223511079797, 54.34724327788437, 49.65659882327885, 45.540133503302194, 41.909288209959094, 38.67422750105824, 35.72145868807725, 33.021702123580276, 30.50898768867356, 28.144425110736748, 25.92415259786597, 23.801140960543744, 21.761202435127796, 19.820869985955472, 17.953891666091053, 16.15940335964011, 14.451239307989312, 12.825585901844894, 11.289906986665422, 9.850609926872202, 8.512746424762378, 7.280324193060929, 6.157207175265465, 5.146855218248163, 4.244361118472304, 3.4467059025875204]}, {"blue": [268.6458109124213, 243.07067300701098, 220.34095694654613, 199.95503531310385, 181.90401722963924, 165.94646012111454, 151.9065487121757, 139.99629627189245, 130.11185809749546, 121.65732081439796, 113.7480556117026, 105.83848402657235, 97.89820142774379, 90.10722369963078, 82.63094127641462, 75.64874925340284, 69.26993679361817, 63.4430004576759, 58.207621823684235, 53.61339357816535, 49.73953269840619, 46.5545718311254, 43.73706993080815, 41.00222449094138, 38.36566198336306, 35.84121406429959, 33.40435416242088, 31.072697539426542, 28.857180908512042, 26.774055283718397, 24.810929586894993, 22.973036071248757, 21.24297401920132, 19.607687117565415, 18.057260469891688, 16.58141715666357, 15.165205777726818, 13.809930256294153, 12.50862236070254, 11.260822244031496, 10.069481308397938, 8.93632701063366, 7.865994842804472, 6.863163749450728, 5.929874147948915, 5.072966759120882, 4.2895088096996155, 3.58628555998296, 2.9572990005696154, 2.401614802853919]}], "-21.0--22.0": [{"red": [1533.4613528013185, 1341.0142821210097, 1187.2284277756007, 1041.6276333964813, 914.3068950131855, 802.886535247608, 704.7303373829733, 624.6926421396668, 534.5015501535246, 469.28773871946163, 411.01155421460203, 360.152050699912, 315.9397665639493, 277.57233283343726, 244.30796888532223, 215.22977075579828, 189.69181745749643, 167.31401535673564, 147.61099287652155, 130.59912685208778, 116.37479386448716, 104.26740722484786, 93.76722945908466, 84.61455925638435, 76.53428717098308, 69.46289605758423, 63.27652518062304, 57.83208169833316, 53.04730542002093, 48.829231169010484, 45.04092008537951, 41.60270281238288, 38.42031271668471, 35.43706801485053, 32.62451803476577, 29.942665903305645, 27.37018432054754, 24.907445976840016, 22.547808635744342, 20.283831415387564, 18.1196845943228, 16.072371195628577, 14.144157611670508, 12.335875613982912, 10.657775825301274, 9.112665256166816, 7.7056387795314185, 6.439411413213216, 5.307887722694298, 4.3086626697447565]}, {"blue": [489.69000303925833, 424.6067079575132, 369.63481184298433, 321.73904206241735, 281.1386280592588, 247.02437528743326, 217.89419190170725, 193.43221315448645, 172.91530520898695, 155.74749830753805, 141.3584197357164, 129.49633484179387, 119.80071333282692, 111.76567340884336, 104.88886618391403, 98.64168391216697, 92.71617112674969, 86.94602205669938, 81.21237561616587, 75.87126205757693, 71.32516348812992, 67.26316638323192, 63.341254164101855, 59.47684247688167, 55.66014992115731, 51.98040007481085, 48.42552249364622, 45.03405345713239, 41.819628011977755, 38.800872387933644, 35.9663534454914, 33.30862488822997, 30.803792903231244, 28.432580122018283, 26.176747074166155, 24.026705390542677, 21.965675141909784, 19.99181956959929, 18.096527982803913, 16.279440390426046, 14.54383285848646, 12.900378572543797, 11.352967240145949, 9.90264507614919, 8.555656828976224, 7.31435445391692, 6.185506271036287, 5.16908350205845, 4.26129028369951, 3.45907855596285]}],