{"rp": [0.1, 0.11234493440205148, 0.12621384285801251, 0.14179485896514246, 0.15929934128987072, 0.1789647404750054, 0.20105782028944644, 0.22587827631437318, 0.25376280135386714, 0.2850896527178103, 0.32028378333286034, 0.3598226062857106, 0.40424247099543353, 0.45414593886505183, 0.5102099571075231, 0.573195041625182, 0.6439555935096224, 0.7234514891067266, 0.8127611008676167, 0.9130959256151152, 1.0258170186601063, 1.1524534566987765, 1.294723079942415, 1.4545557948495271, 1.6341197535649394, 1.835850765193496, 2.062485337876194, 2.3170977998889395, 2.6031420033166066, 2.9244981760182913, 3.285525557436941, 3.6911215322651687, 4.1467880641233, 4.658706330431421, 5.233820570907402, 5.879932287106996, 6.605806070835402, 7.421288497006765, 8.337441693749241, 9.366693401651878, 10.523005557727089, 11.822063690952728, 13.281489698569587, 14.921080889473224, 16.763078537355728, 18.832469586556662, 21.157325603303395, 23.769183570259635, 26.70347368991138, 29.999999999999996], "-19.0--20.0": [{"red": [837.9208628870767, 783.5404730494959, 730.5348578811512, 678.8443792508373, 628.7636617067446, 580.5130850138734, 534.1648774949381, 489.69797401966963, 447.07894255931285, 406.4220811738233, 367.89815203749646, 331.5559208436481, 297.4315004380279, 265.62357141592634, 236.12855617657573, 208.94887773341978, 184.06641675991833, 161.46068154043664, 141.11241629811082, 123.0306357115048, 107.22186828086389, 93.59090507524127, 81.90818808328343, 71.9014951295026, 63.36640275457648, 56.185769536792755, 50.173784699100494, 45.12285083727295, 40.88967196683087, 37.31762108371056, 34.22385857339838, 31.50368513460514, 29.039381519656377, 26.75564574951676, 24.631315730300994, 22.61361831144222, 20.67445927392933, 18.82779178675773, 17.05689702126746, 15.35515497074558, 13.729123847483883, 12.186673806427255, 10.729622466224367, 9.360228044927515, 8.090045195255364, 6.91970779557103, 5.851963965259518, 4.891947150526708, 4.034366427392967, 3.276611272582651]}, {"blue": [144.94736953874178, 137.0486532405889, 130.00458372844244, 123.74042541499693, 118.43618825488417, 114.06676568097976, 109.96260141704404, 105.12025660554325, 99.26123126316016, 92.95090937743538, 86.75445769708367, 80.7925171025391, 75.0039177381661, 69.4640899347498, 64.15207176638982, 59.16263953886178, 54.484711858342045, 50.1233796306045, 46.110561562260806, 42.51761883736055, 39.40726065009818, 36.78774682049353, 34.44583107492721, 32.18311471543597, 30.003024233009096, 27.931892599800648, 25.952837307590855, 24.084227574675882, 22.324009237973446, 20.68526804843105, 19.15449737310746, 17.72782022906964, 16.388677748491467, 15.126155661028077, 13.929592158688738, 12.789134925844117, 11.696498777430588, 10.650986466710252, 9.649737055165415, 8.687725481941024, 7.767714245543522, 6.8944167026420535, 6.069623242529162, 5.294223540345361, 4.577440281321345, 3.9146694188544062, 3.310586690841721, 2.767338258125728, 2.2819334563757634, 1.8531541186019578]}], "-20.0--21.0": [{"red": [762.1189223876327, 708.0154911773451, 656.4295781900545, 607.1901314015093, 560.340333417356, 515.9192109214745, 473.90022128863154, 434.3490012988704, 397.26001547695137, 362.2898735230925, 328.9768077184921, 297.2024653272208, 267.1605716224251, 239.07832268213292, 213.06865382402046, 189.13968862446004, 167.27758963194208, 147.4718409472648, 129.7042068181993, 113.96384308903585, 100.28718889658154, 88.59963949357795, 78.61454555070631, 69.998438293636, 62.607172464668274, 56.31914530802527, 50.95570536185063, 46.343711840544735, 42.372864436382415, 38.923191093929695, 35.84810313244521, 33.08560274450288, 30.540494740411734, 28.155609962207595, 25.929775474010928, 23.80739875819038, 21.763921883869077, 19.82184380471036, 17.955879814912727, 16.16136174079818, 14.451818443020239, 12.826510746909163, 11.29129160192856, 9.850900604223336, 8.513260736328373, 7.281091356320797, 6.157556050172809, 5.147201174513055, 4.2446730637174825, 3.4468669265070697]}, {"blue": [205.8741034916476, 190.55074734980522, 176.72788267250027, 164.2494166162706, 153.02710138410424, 143.03509208953486, 134.2281151690252, 126.70022055194994, 120.45813602847277, 114.97859578127033, 109.3743587433872, 103.24546564967355, 96.66661291818731, 89.88750744292977, 83.1639701883276, 76.68294689497506, 70.5761816442659, 64.86718451179414, 59.635378492522314, 54.95440520780358, 50.9271091651225, 47.54395594469989, 44.52001405296672, 41.593442003674866, 38.792724704461364, 36.129426528382155, 33.587358582603066, 31.18347303829607, 28.91873718185496, 26.80733968454043, 24.828023683992367, 22.982576173869752, 21.24821351631525, 19.610697920034212, 18.060859311612052, 16.583097625503566, 15.166333459738391, 13.810755842373577, 12.509608769480009, 11.261735568479018, 10.070301696762614, 8.937172321155648, 7.866980115107284, 6.864013898335049, 5.931874579973582, 5.072048929973953, 4.290423989389826, 3.586411702499681, 2.957465866946333, 2.401722248962934]}], "-21.0--22.0": [{"red": [1124.112815562756, 1007.0907782422264, 902.5234549634971, 808.3739930475019, 724.5315925180911, 650.0992982126672, 583.3027681837797, 523.2499285781893, 469.22234292108755, 420.7711896095115, 377.4263229983892, 338.8022111218317, 304.27459307110746, 273.1792698702234, 245.1618247418558, 219.44816623758206, 196.11419962375774, 174.93678054951715, 155.7008538223698, 138.57486211909458, 123.79349398577108, 110.86622330146353, 99.39018290244903, 89.1984397607047, 80.10337906111704, 72.10277095596452, 65.11807589682641, 59.046344624189146, 53.7939230135634, 49.2516485910724, 45.26232196382041, 41.712566151713006, 38.47218996734927, 35.45747985693686, 32.63190007020628, 29.948435402325924, 27.374915319639907, 24.909666231098807, 22.54994346031158, 20.286921252376832, 18.121348950393795, 16.0737903397314, 14.145978468724586, 12.336683699836735, 10.658676866586811, 9.11350899955256, 7.706173350872306, 6.439638804332948, 5.308435207696303, 4.3094294692780215]}, {"blue": [419.1177555436245, 371.57819194434256, 330.1875450556539, 293.0998727778566, 260.96496702044954, 233.51362322832128, 209.49461502136774, 188.65708459308354, 170.62387954675282, 155.2134430361822, 142.12746821904386, 131.23699704580704, 122.18729198545927, 114.46347853926815, 107.62185709202146, 101.24985234782251, 95.12983217686688, 89.0783865930391, 83.07941036026298, 77.47913100084699, 72.67479928950077, 68.37695136060866, 64.23656642974645, 60.17085817778076, 56.18492907974085, 52.351418141179614, 48.67746749620525, 45.19476779616679, 41.91528487691911, 38.854580193173625, 35.99444746418527, 33.323077045332326, 30.810336151942778, 28.432923637553504, 26.178354263839275, 24.02793459409345, 21.96669156387389, 19.991654892402583, 18.097932762208647, 16.28065964550012, 14.544704576425769, 12.899975476448883, 11.352917707569885, 9.902276868770981, 8.554892999709796, 7.314427747028952, 6.185514760245879, 5.169264034562308, 4.261172538809469, 3.4591772295507135]}],