{"rp": [0.1, 0.11234493440205148, 0.12621384285801251, 0.14179485896514246, 0.15929934128987072, 0.1789647404750054, 0.20105782028944644, 0.22587827631437318, 0.25376280135386714, 0.2850896527178103, 0.32028378333286034, 0.3598226062857106, 0.40424247099543353, 0.45414593886505183, 0.5102099571075231, 0.573195041625182, 0.6439555935096224, 0.7234514891067266, 0.8127611008676167, 0.9130959256151152, 1.0258170186601063, 1.1524534566987765, 1.294723079942415, 1.4545557948495271, 1.6341197535649394, 1.835850765193496, 2.062485337876194, 2.3170977998889395, 2.6031420033166066, 2.9244981760182913, 3.285525557436941, 3.6911215322651687, 4.1467880641233, 4.658706330431421, 5.233820570907402, 5.879932287106996, 6.605806070835402, 7.421288497006765, 8.337441693749241, 9.366693401651878, 10.523005557727089, 11.822063690952728, 13.281489698569587, 14.921080889473224, 16.763078537355728, 18.832469586556662, 21.157325603303395, 23.769183570259635, 26.70347368991138, 29.999999999999996], "-19.0--20.0": [{"red": [481.3158631441157, 461.3791690629489, 441.7458987010731, 422.2712750756341, 401.9135584746045, 383.650062279079, 364.6600245049442, 345.77958052751285, 326.99359936133436, 308.2640885553135, 289.5430077234228, 270.73736308949134, 251.87613778884074, 233.0739776268297, 214.432168742796, 196.05153871082223, 178.12954373608332, 160.71944010901083, 144.03973404791975, 128.29374958074055, 113.69277574191347, 100.4019016993322, 88.40466044974114, 77.63676015590218, 68.1566717599955, 59.94162090425835, 52.92118705828095, 47.03802333218179, 42.13817576521653, 38.060625490987064, 34.64263106465696, 31.70957821591087, 29.128168543150604, 26.805278686393734, 24.653308375369974, 22.61564360690009, 20.67793796128567, 18.835855770612795, 17.060669756432862, 15.352567871926162, 13.732644026672334, 12.188807265657369, 10.727789099168099, 9.362193203797919, 8.090400624745682, 6.918790234780594, 5.851761326869591, 4.891107549349149, 4.034657836386834, 3.2766350378537914]}, {"blue": [113.91521387816472, 108.77944820011518, 104.36159944845643, 100.6504387272963, 97.73182421450204, 95.60273209874994, 93.68127144752046, 90.9973578938133, 87.30394242453723, 83.11767468722908, 78.88652236778856, 74.68559139540649, 70.43756384068716, 66.20959669730237, 61.995981320847065, 57.89301029249219, 53.907762476346065, 50.066108259676874, 46.42447804703968, 43.062184406618165, 40.0609934469468, 37.46154246272505, 35.073297136436864, 32.71987323069856, 30.445655963660506, 28.27312216981084, 26.19673556258815, 24.25178136640856, 22.434222726033713, 20.750997655009712, 19.193185939972626, 17.748440939652404, 16.39879735671804, 15.133100666525435, 13.933947909341923, 12.791046899461909, 11.698653921154333, 10.653723269552064, 9.651420546432522, 8.688924460618782, 7.769542558333239, 6.895834129677518, 6.070894853889596, 5.2971310285777085, 4.57789626642037, 3.9150926917543556, 3.3109642569017756, 2.7674160020469096, 2.2819901574327517, 1.8532675104263663]}], "-20.0--21.0": [{"red": [457.47746683624814, 435.83485558161277, 414.96216712756933, 394.77213721758324, 375.19404530037434, 356.23634697309114, 337.88443679431526, 320.1519748203344, 302.99118704492696, 286.03248061635753, 268.7258176638463, 250.951347206516, 232.97212621268784, 215.1311800206317, 197.68855649249255, 180.74506880274018, 164.33392727620674, 148.49073083652533, 133.40604384928798, 119.2854971379962, 106.31674401492907, 94.62492547563865, 84.13389165457735, 74.73149011856985, 66.4351066981801, 59.219048160873605, 53.01008067879473, 47.737359279963684, 43.2546382372598, 39.4291015309099, 36.13006374034236, 33.21668030947117, 30.59432573769495, 28.19675303705501, 25.94372179483725, 23.804889790310266, 21.773005815513926, 19.82785877822206, 17.95634205848559, 16.162141488501558, 14.455206435174444, 12.828463031786372, 11.290463874453344, 9.853681339296635, 8.514531074240413, 7.280600525329729, 6.158570092853828, 5.147686737355327, 4.245161951438386, 3.4476342985962924]}, {"blue": [157.53820829848496, 148.91925787860342, 140.96988240628153, 133.68748297472223, 127.05723084053082, 121.03837078305729, 115.7844142933778, 111.40100128773177, 107.93856109778883, 104.90079465121778, 101.40006612935952, 97.05862750556688, 92.00830867314882, 86.54835454470617, 80.97926729934733, 75.49260701752434, 70.18948562409665, 65.06986782903797, 60.24291687528997, 55.813720824686904, 51.890932634491385, 48.48699562562655, 45.36275785718279, 42.30196903999863, 39.355603116694226, 36.54766887194237, 33.87592840080093, 31.377501310420826, 29.043162188945168, 26.87724320799654, 24.869719770980268, 23.003766585052606, 21.257726586009195, 19.619216063673356, 18.06484906514984, 16.5839165639673, 15.16899721054157, 13.812726593128195, 12.510382020122895, 11.262479180159042, 10.071411028736998, 8.937775920331836, 7.867591793310803, 6.865282132359692, 5.9327628640118855, 5.073080697624527, 4.290899742780633, 3.586643184669581, 2.9575993066739104, 2.4018730536329405]}], "-21.0--22.0": [{"red": [733.2883265600819, 680.2920592839258, 630.4347845116663, 582.7739734890181, 538.3458806811806, 497.39126957801335, 459.14138429166087, 423.3547351489509, 389.69973575761685, 358.22119193562503, 329.02357873818494, 302.2369613560224, 277.61559549116606, 254.6357493431812, 232.89551811010608, 212.276684649646, 192.83216380420745, 174.56792532198835, 157.538601883175, 142.01267675067726, 128.17621054564998, 115.77963556947344, 104.39922968352684, 93.8677540918718, 84.23288044472365, 75.54443028975656, 67.77579109848988, 60.97400559499731, 55.094345921578146, 50.05943128114917, 45.726007979632406, 41.943069192023714, 38.57153052582669, 35.50611124202329, 32.65798112877902, 29.95361870810309, 27.37493765934391, 24.919894310840778, 22.555710416923386, 20.28359021334176, 18.127412927287658, 16.07788150551397, 14.14554323430661, 12.34114701943118, 10.661177643427987, 9.114374209822321, 7.708480459569248, 6.442103858284004, 5.3105204282011345, 4.3106629188008805]}, {"blue": [307.4349005704016, 284.4866068899536, 263.35857376177535, 242.72671109810327, 223.76457667383477, 206.80591242321051, 191.08380872064876, 176.66944122500755, 163.4475869777258, 151.48787320824312, 140.81191432940517, 131.5585381442358, 123.5851673131748, 116.46375658175563, 109.79979987995588, 103.3484722996359, 97.02232427474983, 90.71601168247746, 84.48608153554234, 78.69977901293501, 73.71655655475412, 69.30810424196119, 65.06916041507183, 60.87442695869484, 56.77551951461707, 52.83684282543609, 49.04104231840072, 45.45583909125555, 42.09091996175853, 38.96557466625084, 36.06099453994633, 33.357990909556975, 30.825962150136625, 28.44324831706721, 26.185013167410986, 24.030596530519478, 21.968067230802262, 19.99536987375827, 18.099564804698318, 16.28013650592597, 14.546113876880689, 12.901848205639117, 11.352486740188832, 9.903007345376036, 8.555447483285997, 7.314211172460601, 6.18561702524144, 5.169263788831129, 4.261287314223111, 3.4592771945227376]}],