{"rp": [0.1, 0.11234493440205148, 0.12621384285801251, 0.14179485896514246, 0.15929934128987072, 0.1789647404750054, 0.20105782028944644, 0.22587827631437318, 0.25376280135386714, 0.2850896527178103, 0.32028378333286034, 0.3598226062857106, 0.40424247099543353, 0.45414593886505183, 0.5102099571075231, 0.573195041625182, 0.6439555935096224, 0.7234514891067266, 0.8127611008676167, 0.9130959256151152, 1.0258170186601063, 1.1524534566987765, 1.294723079942415, 1.4545557948495271, 1.6341197535649394, 1.835850765193496, 2.062485337876194, 2.3170977998889395, 2.6031420033166066, 2.9244981760182913, 3.285525557436941, 3.6911215322651687, 4.1467880641233, 4.658706330431421, 5.233820570907402, 5.879932287106996, 6.605806070835402, 7.421288497006765, 8.337441693749241, 9.366693401651878, 10.523005557727089, 11.822063690952728, 13.281489698569587, 14.921080889473224, 16.763078537355728, 18.832469586556662, 21.157325603303395, 23.769183570259635, 26.70347368991138, 29.999999999999996], "-19.0--20.0": [{"red": [1710.3040633273902, 1518.5035641471052, 1334.0542365539097, 1194.87110064442, 1048.7416142440327, 919.144184940653, 803.1385154371952, 699.5311684504298, 607.2917037450303, 525.6239166181085, 453.7761700674667, 390.78938188382926, 335.87844793254084, 288.39104811968446, 247.30905712706496, 211.9719897382882, 181.68712563447775, 155.64036218635053, 133.5294005597602, 114.96371042357444, 99.42672264327648, 86.68772587445069, 76.19431916185763, 67.37317676365359, 60.05414739517041, 53.93359354463809, 48.74601588984729, 44.368884808418024, 40.60628853398555, 37.31633883381173, 34.394028332008254, 31.75102401559616, 29.320378621279737, 27.04906707920699, 24.903885697631917, 22.85983809695124, 20.910062118314357, 19.045223538441384, 17.249999537977683, 15.527548849236236, 13.888567594384549, 12.325880600410331, 10.849770154282721, 9.46906315663244, 8.182860745573278, 6.998098500373808, 5.919817939290611, 4.948206499322355, 4.080557421811738, 3.3144002957353034]}, {"blue": [227.55852484565827, 207.3288068609212, 189.12392501913635, 172.96614893073527, 159.00843554068513, 147.21432093621965, 136.821481745074, 126.6407941410895, 116.2128975200602, 105.94042814689904, 96.32953257421799, 87.5563178165149, 79.56961777967629, 72.3644649235027, 65.82372516710488, 59.96732034889071, 54.71291140430358, 49.97967564364519, 45.771977298648395, 42.119690972614585, 39.03289608852268, 36.515166531908584, 34.305201089465925, 32.15854230271448, 30.097654088039704, 28.11980321439107, 26.205831307343356, 24.381090059926464, 22.641512436315786, 21.003771952176223, 19.463568569978793, 18.021593317083013, 16.6642803019887, 15.383780521635838, 14.167816949670717, 13.00762188050378, 11.897832637260695, 10.834977208368471, 9.815703329924919, 8.837293716753544, 7.902170709765795, 7.013619245296942, 6.17463061662746, 5.38775509063341, 4.656267370977429, 3.982261202525795, 3.3690309154002387, 2.814348755600798, 2.3209702045102625, 1.8848425534647042]}], "-20.0--21.0": [{"red": [1328.6474425915337, 1172.7133692948032, 1031.9710932850098, 905.6299110415996, 792.6278850694381, 692.1182494478326, 603.2555936994793, 525.116090908747, 456.76571837778977, 397.17057419007176, 345.13910567799854, 299.55380634532185, 259.7547875221721, 225.22190427693275, 195.26477828121529, 169.44844841160648, 147.28448145601786, 128.148504746127, 111.88615401739571, 98.1991953373625, 86.7706235031175, 77.44929061597232, 69.71110577937968, 63.060555059391525, 57.375490586051235, 52.453675274465276, 48.10023600544922, 44.275247853355815, 40.83963841689327, 37.721786027236384, 34.87765202729123, 32.25161001383804, 29.804764866412473, 27.50746752336499, 25.328412564706873, 23.25213697861164, 21.27097977314106, 19.369563138230042, 17.542148523974088, 15.792459871984502, 14.122875846399298, 12.533498786252105, 11.032438076049537, 9.62767615602957, 8.319488173842185, 7.1143141030803445, 6.017951209093473, 5.030315327352579, 4.148063970708376, 3.3690242864740623]}, {"blue": [294.34952274656115, 262.16914810254804, 233.873412106276, 209.10418603966303, 187.47745505538032, 168.73871673472917, 152.68653015130886, 139.20602379187957, 128.11009475517554, 118.87462260975265, 110.62569411386936, 102.6718463295478, 94.83443325388076, 87.23617641728796, 79.97717724325322, 73.24602457989313, 67.11749194923853, 61.51351437550491, 56.51017015278552, 52.15552848682322, 48.48837819273114, 45.49908205754575, 42.84990474233203, 40.24844530213273, 37.7358073398735, 35.30061948723493, 32.92585321097013, 30.656286581119915, 28.483881429528807, 26.431057817532103, 24.498580068993437, 22.68498586434561, 20.976812247750747, 19.365053403782678, 17.833663171264835, 16.37392121605559, 14.978300593470001, 13.63904484570418, 12.353428209611469, 11.121744848072195, 9.945264454299133, 8.826121676141602, 7.769086986186326, 6.77909069790216, 5.858159386503557, 5.009911264295548, 4.236995114897408, 3.5415740966120617, 2.9204702937343145, 2.3717114013885108]}], "-21.0--22.0": [{"red": [1568.6548283761724, 1370.9994595773426, 1197.4513525077216, 1044.158028935083, 909.9370103776871, 792.5779363349733, 689.6061477425025, 599.8891567718739, 521.4696949781573, 453.2559409596487, 394.5499889034966, 343.9729108136008, 300.67734995345927, 263.7670214461652, 231.66520253284648, 203.7881548009529, 179.67163528902867, 158.47508251937785, 140.0190459673662, 124.23917814900317, 110.93238409589236, 99.75010230582463, 90.0991367922742, 81.58087384587414, 74.09533602944356, 67.50718504063369, 61.65586087914666, 56.49356844450286, 51.91688300683747, 47.83635211666884, 44.14993879798159, 40.79051240219589, 37.67935810848742, 34.760172024434596, 32.00203056799304, 29.366015077752703, 26.84449252686993, 24.436000392585566, 22.11799029999775, 19.89295533608831, 17.776343464309814, 15.767008010219703, 13.87335617896317, 12.102063364948165, 10.455360811087722, 8.939196156432029, 7.5595886753353305, 6.317648446471478, 5.207797495813294, 4.227407791199915]}, {"blue": [449.38655186287326, 389.5942316479684, 339.1923076882344, 295.5195337342524, 258.7165418227249, 227.89689507384222, 201.61462901964498, 179.54259708326555, 160.88821661105942, 145.295454104711, 132.48477192817245, 122.05086629785946, 113.66542997415797, 106.84433479747135, 101.09204340579778, 95.23233919091301, 89.88946674140341, 84.49047520972216, 79.08546243357067, 74.04809783496947, 69.67541378126495, 65.83880405230329, 62.10440464493186, 58.360822076752434, 54.68208349382836, 51.11168068008002, 47.6451648782674, 44.33553500065334, 41.18505196070359, 38.22045182566931, 35.43012654321072, 32.81304902475662, 30.345909676466327, 28.01205167986586, 25.78991799940097, 23.670738829593517, 21.640475209492298, 19.696541791461172, 17.82979852255494, 16.038271753536467, 14.329456656840799, 12.710176446349715, 11.184634561451125, 9.756243272127483, 8.428585392200258, 7.2063503457154185, 6.094176211794813, 5.092768558698485, 4.1983143229522, 3.408003316022406]}],