{"rp": [0.1, 0.11234493440205148, 0.12621384285801251, 0.14179485896514246, 0.15929934128987072, 0.1789647404750054, 0.20105782028944644, 0.22587827631437318, 0.25376280135386714, 0.2850896527178103, 0.32028378333286034, 0.3598226062857106, 0.40424247099543353, 0.45414593886505183, 0.5102099571075231, 0.573195041625182, 0.6439555935096224, 0.7234514891067266, 0.8127611008676167, 0.9130959256151152, 1.0258170186601063, 1.1524534566987765, 1.294723079942415, 1.4545557948495271, 1.6341197535649394, 1.835850765193496, 2.062485337876194, 2.3170977998889395, 2.6031420033166066, 2.9244981760182913, 3.285525557436941, 3.6911215322651687, 4.1467880641233, 4.658706330431421, 5.233820570907402, 5.879932287106996, 6.605806070835402, 7.421288497006765, 8.337441693749241, 9.366693401651878, 10.523005557727089, 11.822063690952728, 13.281489698569587, 14.921080889473224, 16.763078537355728, 18.832469586556662, 21.157325603303395, 23.769183570259635, 26.70347368991138, 29.999999999999996], "-19.0--20.0": [{"red": [459.5490447420364, 444.22806098354124, 429.0052212381647, 413.27579128759555, 398.4239889030111, 382.95139110597995, 367.2053019292956, 350.94300305093725, 334.14472365843227, 316.9162165460642, 299.3010312019954, 281.29593662107453, 262.91874547551254, 244.290271375731, 225.5440899904339, 206.82532829071639, 188.36049918280577, 170.2415120177917, 152.72427183051138, 136.05617238530886, 120.4813810435698, 106.20533972224976, 93.24310380323112, 81.56384062644834, 71.25232223517524, 62.317838497241915, 54.70462056824392, 48.350172442425944, 43.09847528956642, 38.773943066102994, 35.18580890138129, 32.143994878510696, 29.493787416456758, 27.126317857910262, 24.940845608732126, 22.87695180745159, 20.915601996050828, 19.052518744816155, 17.256898840737872, 15.528395286136963, 13.89073376335212, 12.3292354437276, 10.851287249220277, 9.469960038509612, 8.183621412404847, 6.99858293761383, 5.9192008466421, 4.9476394050785135, 4.080994189320056, 3.3142837943733294]}, {"blue": [106.46815324204937, 102.99456873621001, 100.02904426186552, 97.60926169159578, 95.89630824941396, 94.89892957212679, 93.98265671006385, 92.11870506180301, 88.98201451651552, 85.05855019021615, 80.85688965892811, 76.602820875287, 72.30136327951881, 68.00408779665882, 63.71036533335365, 59.524339239728555, 55.44616074776249, 51.502930810787596, 47.75364620429643, 44.28103054346336, 41.16961224135938, 38.464652375928814, 35.9738019307301, 33.52017211592103, 31.149748847043746, 28.890343560509898, 26.739111043358115, 24.729361516073574, 22.85788239066804, 21.130208195520648, 19.53408057527789, 18.060130618218352, 16.684006026673433, 15.394767322341707, 14.176159873700586, 13.013590168559588, 11.899579439815009, 10.836904496362886, 9.816966307003108, 8.83788324822653, 7.902780723207854, 7.0141254388855, 6.174808698964446, 5.388051251291339, 4.656635455841566, 3.9822835591967416, 3.3677800085780674, 2.81487552436024, 2.3211373319851583, 1.885085881236799]}], "-20.0--21.0": [{"red": [466.3987287889024, 439.71461323265635, 414.47186976331017, 390.5626975865036, 367.9063664489171, 346.48400156199455, 326.21106587371764, 306.9642668434492, 288.56993771979955, 270.77743065553585, 253.29082089546193, 235.98202672757617, 218.98385783052177, 202.42374587072163, 186.33390786378544, 170.7450629174204, 155.67688690729608, 141.1090665029859, 127.21537023558503, 114.15729384027206, 102.13529087295827, 91.26740834801902, 81.45297551569952, 72.57681197758825, 64.69975697690944, 57.78991712807513, 51.790618609776025, 46.674159227613764, 42.30115539998682, 38.55509114039225, 35.32365506820712, 32.469629262010145, 29.901442550125346, 27.55564765197467, 25.352649188486307, 23.262476022157, 21.276395139635472, 19.375620481656583, 17.54715558764752, 15.794334838152128, 14.125758319308616, 12.5356960318057, 11.03270482802378, 9.628658251801648, 8.32000710114633, 7.114204290874326, 6.017493190562026, 5.029338132324107, 4.147537659675637, 3.3684594681772526]}, {"blue": [170.49642862373116, 159.09424326255103, 148.69048963128088, 139.2697832521418, 130.77875630568593, 123.26513459535173, 116.7404035358387, 111.24985593724313, 106.7632020909817, 102.89938569557823, 98.9647311659486, 94.5294512316924, 89.58185572422724, 84.32706222767287, 78.96551114831935, 73.68087769346714, 68.58204522321536, 63.66100831412656, 59.01021714298167, 54.73745262877879, 50.95722313008574, 47.684918577163806, 44.66809860965036, 41.692395505392426, 38.82314579526772, 36.07157822429354, 33.44476870133656, 30.986535505172814, 28.684965994581486, 26.54467150491358, 24.562416875979512, 22.718681449343975, 20.994136666031444, 19.37596236100823, 17.8397375670404, 16.37911661471152, 14.981443905076473, 13.641967367301978, 12.355996764692401, 11.123501842010597, 9.947537746756085, 8.82777599724973, 7.770344453714592, 6.781142933337628, 5.859008775553784, 5.010071937060944, 4.23753298962863, 3.542026757411602, 2.9207818553352305, 2.371937576435659]}], "-21.0--22.0": [{"red": [612.434043957658, 572.0947837510288, 534.0544435291524, 497.2794126110246, 462.8061174929661, 430.9141529443249, 400.92101703301984, 372.70803136143996, 346.0271881085507, 320.95043150175667, 297.5855850495355, 276.0885419613349, 256.22324377007095, 237.4444479307446, 219.30458581749284, 201.6626314177537, 184.59760497891003, 168.1966600373695, 152.60611358029797, 138.1864282284402, 125.21402421031249, 113.47486985594614, 102.58549950749354, 92.42077671461321, 83.04748563721654, 74.53655354095797, 66.88176226561819, 60.14502447805124, 54.299840419086536, 49.284136871892244, 44.9659569583764, 41.20608007294581, 37.86695974000323, 34.841507877565576, 32.037554110530984, 29.381883150896368, 26.85185744496686, 24.443002528831546, 22.12433182563423, 19.8960057434615, 17.78048956279566, 15.77034939399297, 13.875034323633699, 12.104130939371473, 10.458750104268386, 8.941167764545021, 7.560904447157274, 6.318643153376828, 5.208757003522934, 4.228052033065116]}, {"blue": [254.48416588097626, 237.4453544359139, 221.81018963356954, 206.23769247012314, 191.87790860152774, 179.07173569281338, 167.10721510837365, 156.1141904510452, 146.00818209010666, 136.88175444019714, 128.76124573868148, 121.79418752585856, 115.84052687821514, 110.4538288884333, 105.21373145716407, 99.85958315680843, 94.32569700884717, 88.59852550047165, 82.77123764468624, 77.27144183726854, 72.50130184383772, 68.24715646318528, 64.12138450512779, 60.01632154381804, 55.988949379443056, 52.109586952714835, 48.36554165549257, 44.82508924470603, 41.500512505126096, 38.412154490254395, 35.54226024004714, 32.873110521217924, 30.37414078903951, 28.023589366757893, 25.798434119683844, 23.67541001430906, 21.643781517369206, 19.699911347804107, 17.832096997450186, 16.03955970666067, 14.330900448778353, 12.711109760181412, 11.18497908102255, 9.75683987760949, 8.429270084307527, 7.20639613678726, 6.09435956345811, 5.09300517351586, 4.198404177355661, 3.4082089207371014]}],