{"rp": [0.1, 0.11234493440205148, 0.12621384285801251, 0.14179485896514246, 0.15929934128987072, 0.1789647404750054, 0.20105782028944644, 0.22587827631437318, 0.25376280135386714, 0.2850896527178103, 0.32028378333286034, 0.3598226062857106, 0.40424247099543353, 0.45414593886505183, 0.5102099571075231, 0.573195041625182, 0.6439555935096224, 0.7234514891067266, 0.8127611008676167, 0.9130959256151152, 1.0258170186601063, 1.1524534566987765, 1.294723079942415, 1.4545557948495271, 1.6341197535649394, 1.835850765193496, 2.062485337876194, 2.3170977998889395, 2.6031420033166066, 2.9244981760182913, 3.285525557436941, 3.6911215322651687, 4.1467880641233, 4.658706330431421, 5.233820570907402, 5.879932287106996, 6.605806070835402, 7.421288497006765, 8.337441693749241, 9.366693401651878, 10.523005557727089, 11.822063690952728, 13.281489698569587, 14.921080889473224, 16.763078537355728, 18.832469586556662, 21.157325603303395, 23.769183570259635, 26.70347368991138, 29.999999999999996], "-19.0--20.0": [{"red": [1407.0057869122638, 1275.5767628278088, 1151.8765216992465, 1035.9550044715554, 928.2646998991845, 828.7798422076016, 737.1505786967658, 653.0700686144992, 576.1885407172902, 506.4233054105042, 443.68339344765064, 387.49281824986883, 337.3105304756083, 292.7269554588199, 253.31590785823013, 218.74391256767376, 188.61837746609496, 162.46413582741596, 139.83524497023362, 120.44832496738806, 104.09915393042552, 90.47463147679113, 79.1334467987384, 69.63784858479208, 61.66778698371592, 55.03177643438368, 49.497590552621304, 44.8153446777244, 40.84932189502782, 37.45717186533293, 34.46288821196394, 31.786766595617767, 29.333962271704557, 27.04754994014145, 24.908236395624176, 22.867894645325933, 20.90791384362962, 19.042963956151883, 17.252187163614654, 15.529624466546528, 13.886546537300422, 12.326047532554155, 10.851010726486608, 9.467247390436166, 8.182333798444763, 6.998504858234189, 5.91882547132166, 4.9477303609747665, 4.08037524414475, 3.3138661101832434]}, {"blue": [196.8813832653751, 182.4752637928442, 169.32123272089754, 157.4140776357195, 147.06080810045, 138.25734884413777, 130.26912598369256, 122.01592656797776, 113.10889883546034, 104.01980937674543, 95.32304035675283, 87.23809498735821, 79.72859569710822, 72.81426758771569, 66.44068938587066, 60.66120527521408, 55.42128030530237, 50.676684217232804, 46.41442760659102, 42.678309734204404, 39.50862031524688, 36.895407293793184, 34.59530532307016, 32.38228249655288, 30.25004187764057, 28.22239468260005, 26.272264468916035, 24.418782667798933, 22.660574948581715, 21.01462518578351, 19.468821093046348, 18.024079019170088, 16.66541531865139, 15.383278137967848, 14.167511557663286, 13.007534175758943, 11.896620381528974, 10.833529324309033, 9.815456487028003, 8.836974249536944, 7.9014442660012385, 7.012997402095647, 6.174159981829008, 5.386891275065203, 4.655380598868134, 3.9814383577428694, 3.366395235678118, 2.814696359349751, 2.320969357147714, 1.8848955263060685]}], "-20.0--21.0": [{"red": [1123.7863079325248, 1008.3368954607533, 902.6151928943797, 805.5783495081735, 717.1689685742343, 636.7360670769102, 563.8104741003206, 498.16142176029496, 439.5814816109783, 387.39762439120966, 340.9803282846116, 299.4694810921099, 262.3687979161045, 229.4189283070542, 200.27810340948395, 174.7236796516633, 152.47466298957576, 133.11681587115353, 116.36419603415987, 102.02803075748673, 89.9773783675056, 80.00126058148426, 71.65650610096938, 64.51927819917768, 58.385485168173474, 53.12246176368859, 48.55434943835208, 44.529614531655874, 40.97328077874878, 37.80567714283344, 34.91409842639914, 32.27225576255393, 29.81559913554141, 27.504656090453892, 25.334027933096273, 23.25931045449356, 21.26631877353452, 19.36974190833822, 17.54518100946094, 15.792011511880442, 14.122481412643204, 12.533746651827546, 11.033043711426016, 9.626424657936019, 8.319002524919016, 7.114653687139553, 6.017106668564108, 5.029721894238244, 4.1477510542661555, 3.368264160401385]}, {"blue": [265.0760156819868, 238.72916592781692, 215.59956371664146, 195.07804126755096, 177.0556853193615, 161.2488695517748, 147.42751702340107, 135.71550340809236, 125.98504520435046, 117.76298329883167, 110.2734724167555, 102.87029224688602, 95.38690427046576, 87.98001352346543, 80.828191044256, 74.12222622921153, 67.95998901132293, 62.31800142957619, 57.23734207430516, 52.77414630241903, 49.005662503071186, 45.90454879805822, 43.1545982637729, 40.47584816438947, 37.88628941034922, 35.396773601841154, 32.99091952001376, 30.688289231802933, 28.499988009408483, 26.442784645072027, 24.5028098317589, 22.687803126374607, 20.97880347014812, 19.364638774425654, 17.83521255836554, 16.37582221116821, 14.97729090240796, 13.63893752292779, 12.353609553689356, 11.12138424896719, 9.944807658587342, 8.82571765595249, 7.768714366583183, 6.7782580111046284, 5.85707385260958, 5.010041211295617, 4.236506638757798, 3.5417164331066697, 2.920541577943545, 2.371741146413065]}], "-21.0--22.0": [{"red": [1360.4516152977912, 1202.1818102213351, 1062.4010341860178, 937.3841801749286, 826.7009192258257, 728.9232216723669, 642.1298900041074, 565.6864244810686, 498.38182144146487, 439.09945991134356, 386.8942094229128, 341.1184396386024, 301.1338508167031, 266.2381800830025, 235.8443065933641, 208.76739735374804, 184.83705244057703, 163.62582574147498, 144.77846438256972, 128.3803773130899, 114.60320453681929, 102.81449296616057, 92.53265482485519, 83.51380292620885, 75.52291071178972, 68.50669312182664, 62.350215146659444, 56.9306201270165, 52.16686588678023, 47.97513013604685, 44.22284094996654, 40.82641205561112, 37.6930246548794, 34.76191588180214, 32.00062867793267, 29.368156558160813, 26.846344421011704, 24.43103068733625, 22.117086380004118, 19.89646742840305, 17.773458113518185, 15.765254612370656, 13.873969273527573, 12.100376402020192, 10.454302832879687, 8.938742548188033, 7.558740612439701, 6.316625373895894, 5.2067696535821675, 4.22671520465293]}, {"blue": [422.4198640719981, 369.29868197419717, 324.25908937526015, 284.6735092753306, 250.96051655405563, 222.5408977353894, 198.11179079576377, 177.49310017325797, 160.12191940459368, 145.55376294385684, 133.3335017950044, 123.277274290131, 115.06985586988682, 108.22254151256168, 102.23111560642441, 96.60631343263996, 91.10905899740361, 85.5800997636391, 80.01590951256146, 74.79512571166315, 70.33414278447837, 66.34514396065516, 62.48316790669006, 58.6664711571096, 54.895513948834974, 51.25786665031784, 47.743484234963816, 44.394817714491246, 41.2175898048588, 38.238837610208165, 35.4405159036258, 32.819302872445775, 30.349446902766292, 28.011508094640092, 25.79232969098027, 23.67435260154587, 21.64183769603784, 19.69666584948487, 17.83084274738633, 16.0395101168219, 14.32863391700532, 12.709457359947807, 11.185050832218668, 9.756030129767822, 8.428465673147528, 7.206244324830142, 6.094179386652047, 5.092734329957069, 4.198284911857806, 3.4080791658636858]}],