{"rp": [0.1, 0.11234493440205148, 0.12621384285801251, 0.14179485896514246, 0.15929934128987072, 0.1789647404750054, 0.20105782028944644, 0.22587827631437318, 0.25376280135386714, 0.2850896527178103, 0.32028378333286034, 0.3598226062857106, 0.40424247099543353, 0.45414593886505183, 0.5102099571075231, 0.573195041625182, 0.6439555935096224, 0.7234514891067266, 0.8127611008676167, 0.9130959256151152, 1.0258170186601063, 1.1524534566987765, 1.294723079942415, 1.4545557948495271, 1.6341197535649394, 1.835850765193496, 2.062485337876194, 2.3170977998889395, 2.6031420033166066, 2.9244981760182913, 3.285525557436941, 3.6911215322651687, 4.1467880641233, 4.658706330431421, 5.233820570907402, 5.879932287106996, 6.605806070835402, 7.421288497006765, 8.337441693749241, 9.366693401651878, 10.523005557727089, 11.822063690952728, 13.281489698569587, 14.921080889473224, 16.763078537355728, 18.832469586556662, 21.157325603303395, 23.769183570259635, 26.70347368991138, 29.999999999999996], "-19.0--20.0": [{"red": [1298.8781321839788, 1185.645184614907, 1077.9835405795468, 976.3034392517711, 880.7749666059991, 791.7410496177342, 709.1713514921722, 632.529442315493, 561.7234846868469, 496.7410683791868, 437.4497666534843, 383.90286316564305, 335.83530527288247, 292.8310096651627, 254.60677460812573, 220.72063845569656, 190.79113539272865, 164.63281601726183, 141.9201600376907, 122.38427526570221, 105.80734500991365, 91.91135990028152, 80.27559929108767, 70.49146491456514, 62.30506367803844, 55.471859739976914, 49.76848962551806, 45.00638548068226, 40.96861756976347, 37.503863794237695, 34.49170338594874, 31.797608558771795, 29.34070176871957, 27.06243176509944, 24.902437457062295, 22.861991710187787, 20.920072095834048, 19.040387429280475, 17.246945618822625, 15.534277975621462, 13.885818798926934, 12.324640997744396, 10.851690387152091, 9.467787551562441, 8.182476724423493, 6.997730415930518, 5.919727069026592, 4.948119999047074, 4.080133074668653, 3.3143759160693507]}, {"blue": [186.22670127219726, 173.5946111954009, 162.00449754021338, 151.5537013018184, 142.3909811792468, 134.5873755591471, 127.49111877757107, 119.95664589230759, 111.65685701983021, 103.05846728152274, 94.69996151443773, 86.87776449392886, 79.5842068266956, 72.82826362826833, 66.57538837547096, 60.86421408309131, 55.64249705139477, 50.89739500320213, 46.62729841575021, 42.87456723758329, 39.68062246927775, 37.03873358358813, 34.70758647039472, 32.46416279539236, 30.311056862578777, 28.262150307650813, 26.29495235084109, 24.433042434231886, 22.669054573280714, 21.016976737715947, 19.47050546483444, 18.02381952407713, 16.66444340489353, 15.382986343630055, 14.166249565196292, 13.006204239911547, 11.897019932036379, 10.832670299766349, 9.813928839456795, 8.836347060541257, 7.900205330994129, 7.011617602526125, 6.172640388249715, 5.385080454168296, 4.651372626124343, 3.982208206475451, 3.3668957059025435, 2.8147038719839883, 2.3209520657274627, 1.8849214652956918]}], "-20.0--21.0": [{"red": [1052.2068972468896, 949.4188747680644, 854.3941469755403, 766.9879385298201, 686.613514118183, 613.1889701979442, 546.4644423293756, 485.79764735029875, 431.14637526086744, 382.0548677894678, 337.67405688534797, 297.7700596662325, 261.9220630411398, 229.96366099974753, 201.5469535212158, 176.36690901140602, 154.13664620220015, 134.73769963720957, 117.88514177750027, 103.38357999618265, 91.16555692074694, 80.97805445015194, 72.4110847073203, 65.08511486811246, 58.80018421143922, 53.395464210830234, 48.71744761764959, 44.64221553494207, 41.03852833681955, 37.82638529809548, 34.93240420291141, 32.279246254700425, 29.81763159333937, 27.514073215183735, 25.32822214284058, 23.25579175360278, 21.276306065436028, 19.3661296192017, 17.542040509403837, 15.796886656605837, 14.120727217230728, 12.532925017195963, 11.034443270105617, 9.626369420110702, 8.318778736853195, 7.114095326498442, 6.0175348340498935, 5.02991318247888, 4.147493732439552, 3.3686081961626724]}, {"blue": [255.08547134290066, 230.59087098027572, 208.8665210063952, 189.73319149310956, 172.7821970805219, 157.9396669235236, 145.10031974912965, 134.06367654487204, 124.88117583011999, 117.11793967522355, 109.86995404965141, 102.67562798036744, 95.3879322637703, 88.10008224123312, 81.05214646604752, 74.3982446155361, 68.23190412047775, 62.582382744655, 57.48502606238658, 52.9921631553423, 49.19689995693101, 46.061692785680066, 43.272918524561106, 40.56478272903527, 37.9495641797167, 35.43570485155727, 33.01229265040314, 30.70623068854952, 28.50962436432944, 26.44432191443162, 24.505783948370166, 22.689030164916, 20.979235500040364, 19.36647334959173, 17.834743023597163, 16.375401109467482, 14.979276382411792, 13.638702275808315, 12.353373301960659, 11.122405946129327, 9.944891958058843, 8.825962480800726, 7.769298106875126, 6.778734931241543, 5.8575659115627206, 5.010292755191088, 4.2368430974784035, 3.5417877436648673, 2.9205105108241605, 2.3717750465876577]}], "-21.0--22.0": [{"red": [1287.9956842870085, 1141.6666028801112, 1012.292855034869, 897.2488893598329, 794.9895023327582, 704.477983865589, 623.9863414161085, 551.9503907973561, 487.99220460892553, 431.6754150894442, 381.8956857579686, 338.38127038511385, 300.2249762825066, 266.4413715219756, 236.5908005106523, 209.96423205723795, 186.2426682757304, 165.14396192618102, 146.34649947904376, 129.88360336060694, 115.87146971915405, 103.91546232818668, 93.46786157906308, 84.22098645210018, 76.07243471638107, 68.91361301350592, 62.61380542610443, 57.121003529502374, 52.28642521840358, 48.02868713055777, 44.25415167862365, 40.8377752655475, 37.70005440379348, 34.77892729170716, 32.0007468591242, 29.364317079482156, 26.854057699234755, 24.434151203597803, 22.11537155037416, 19.897399232719756, 17.776026016241474, 15.766232279189724, 13.87371439105526, 12.102493222123444, 10.455423428898463, 8.938711609765223, 7.559944935284857, 6.317868535717497, 5.207395262684213, 4.227883513882449]}, {"blue": [411.7217205951671, 360.8437255155511, 317.6033055989292, 279.8646648083169, 247.58258578097616, 220.3440758416595, 196.93275139365136, 176.7571688539333, 159.6018345985034, 145.28023900120294, 133.2449305411765, 123.4454466149287, 115.46724591116832, 108.6815664013501, 102.67890372715026, 97.0269314088285, 91.47744953936107, 85.92629363538224, 80.33537772583867, 75.07752840801155, 70.55213571817632, 66.52944010003819, 62.634799881243325, 58.765943680325044, 54.97577869033916, 51.316149420076535, 47.777041249685304, 44.41833577065259, 41.231296701331516, 38.241695486176134, 35.444552641825624, 32.81934014473681, 30.347766841022292, 28.01423277774945, 25.79010800466047, 23.67027129855083, 21.643173011662675, 19.696453253194466, 17.830098962188455, 16.040205439095967, 14.330196411442824, 12.709807770615, 11.185102672848691, 9.756333658684033, 8.428577514828683, 7.2060860962513535, 6.0943250857362585, 5.09293850504265, 4.198234851254103, 3.4080946754654864]}],