{"rp": [0.1, 0.11234493440205148, 0.12621384285801251, 0.14179485896514246, 0.15929934128987072, 0.1789647404750054, 0.20105782028944644, 0.22587827631437318, 0.25376280135386714, 0.2850896527178103, 0.32028378333286034, 0.3598226062857106, 0.40424247099543353, 0.45414593886505183, 0.5102099571075231, 0.573195041625182, 0.6439555935096224, 0.7234514891067266, 0.8127611008676167, 0.9130959256151152, 1.0258170186601063, 1.1524534566987765, 1.294723079942415, 1.4545557948495271, 1.6341197535649394, 1.835850765193496, 2.062485337876194, 2.3170977998889395, 2.6031420033166066, 2.9244981760182913, 3.285525557436941, 3.6911215322651687, 4.1467880641233, 4.658706330431421, 5.233820570907402, 5.879932287106996, 6.605806070835402, 7.421288497006765, 8.337441693749241, 9.366693401651878, 10.523005557727089, 11.822063690952728, 13.281489698569587, 14.921080889473224, 16.763078537355728, 18.832469586556662, 21.157325603303395, 23.769183570259635, 26.70347368991138, 29.999999999999996], "-19.0--20.0": [{"red": [835.8501573795173, 786.9665752282491, 738.6410739305732, 690.9136619427298, 644.1021583882268, 598.4332903512038, 553.9730920778653, 510.59284074537084, 468.3500407743334, 427.4924556390303, 388.321177578084, 351.0168941593214, 315.7025877326773, 282.52101329306754, 251.53799200041675, 222.8123015123726, 196.36355353915906, 172.207183424012, 150.35417624353664, 130.86180620442894, 113.73364829759853, 98.89553315212129, 86.14060823385134, 75.18801520035707, 65.88648089323323, 58.07064286856096, 51.562995029832635, 46.14563698169169, 41.65141907413716, 37.90270416298084, 34.69585373950917, 31.90165335524525, 29.38704120463341, 27.068515649288692, 24.916292828345522, 22.87428943303633, 20.912261266060295, 19.0439495983751, 17.253012199168687, 15.531796595067936, 13.886696046522122, 12.32606743125266, 10.852787402511666, 9.467512980086683, 8.182693624676292, 6.998929430987818, 5.9188151154382345, 4.947772170612766, 4.080320103770579, 3.3138351361661336]}, {"blue": [141.2286670069417, 134.77878191472715, 128.9063758820598, 123.61464020869968, 119.14527045770824, 115.52782689475524, 112.10151468862205, 107.81852680663467, 102.326000331913, 96.11213102552698, 89.77573857796783, 83.58955641199115, 77.5810908283093, 71.81744506229059, 66.29195200815089, 61.09878989567308, 56.22565810000069, 51.67947763309164, 47.49417791234218, 43.74272081863937, 40.48735643400408, 37.74059160716601, 35.286066456406694, 32.9215553769899, 30.65033915783839, 28.502162128228164, 26.457113639824627, 24.534408573056442, 22.72850877893396, 21.05208635789218, 19.48938522706546, 18.03497570486676, 16.670958065730566, 15.385690583539366, 14.169331961966792, 13.0091840675464, 11.897926713638629, 10.834431276932854, 9.816186004193632, 8.837765372637259, 7.902032163896317, 7.013581757966487, 6.174784016918794, 5.387423524445502, 4.6560595230463075, 3.981994386296517, 3.3675738355969926, 2.8147529129298965, 2.321074248149948, 1.8849596749722626]}], "-20.0--21.0": [{"red": [737.9165549177708, 681.5407114471006, 628.6666342704013, 578.895134390606, 532.268104467691, 488.62694821937436, 447.71575024689133, 409.5123496499339, 373.83465116868126, 340.4252231855086, 308.9994021551115, 279.3535792117513, 251.51519583458386, 225.58562311676175, 201.56425207878385, 179.44851656461813, 159.21716371764956, 140.84212217809275, 124.34609779910305, 109.6096631725101, 96.80328195295601, 85.82003918730099, 76.3848083953095, 68.18657356510748, 61.09907502729525, 55.02793721400954, 49.819613366065674, 45.31936058290043, 41.43415286296706, 38.055440318980544, 35.04254268008145, 32.33716329008852, 29.847168344461497, 27.51629440595934, 25.33984367015032, 23.26535245079692, 21.26941757902284, 19.370949222699842, 17.54706067521831, 15.794005498820908, 14.123141890501415, 12.534934990148795, 11.034520493599347, 9.626877826960863, 8.319626745423397, 7.115456025357366, 6.017536374971159, 5.030173192784619, 4.148172170131967, 3.368580134545176]}, {"blue": [210.95212298144367, 193.38968018525912, 177.80979977131506, 163.95208710251435, 151.741011975377, 141.06153137427384, 131.75665768940402, 123.8573950300534, 117.27696250948009, 111.59546407490987, 106.09591864832245, 100.26652827944866, 94.03371273124284, 87.59715217270569, 81.16741133942527, 74.9516801323754, 69.08266497556153, 63.582249266172205, 58.52757347118186, 54.00119310762097, 50.10444592710064, 46.82937005918256, 43.89229540653451, 41.03688532501122, 38.29149415931057, 35.673234563083845, 33.16935123866898, 30.79586213790681, 28.56088770819262, 26.475905131087973, 24.52123407911734, 22.69792961657748, 20.98479338783623, 19.367611325692923, 17.83669757975474, 16.377746120619456, 14.978063425959675, 13.639039660667335, 12.353907077640171, 11.120702435230047, 9.945960586156211, 8.82680881335625, 7.769757918894582, 6.779459845173084, 5.858940732062004, 5.009959023849195, 4.237168232124645, 3.5418521864044066, 2.920689196794921, 2.3718366136061775]}], "-21.0--22.0": [{"red": [965.2392886589944, 871.0291678767326, 786.3952183503998, 709.5089291916196, 640.5801517310301, 578.9999238624924, 523.3198072455316, 472.9260776986834, 427.27919451955876, 386.0865901410639, 349.02162390499274, 315.81998536433906, 285.95926386100797, 258.82180460282086, 233.94428188018227, 210.94220560961298, 189.64095244464576, 170.0017965365657, 151.93115171286092, 135.6833157364115, 121.54844569321706, 109.10303527711127, 97.97616266969156, 88.0097832043406, 79.06981874600307, 71.1656722374168, 64.2332984722781, 58.19133956567275, 52.95515238092949, 48.42929360066492, 44.466011318712255, 40.9495437830315, 37.750754391282335, 34.78441355456735, 32.00818559878896, 29.373921979997732, 26.84964432717912, 24.430912277588106, 22.11669673941555, 19.89735119955567, 17.773261341968638, 15.76522181907961, 13.874728199433903, 12.09989857003185, 10.454223335781847, 8.938432301373432, 7.557800431365209, 6.315929401824577, 5.206012258134982, 4.225885099344348]}, {"blue": [352.61167318572694, 315.40102389401335, 282.9540899879353, 253.5246017240917, 227.91373804712586, 205.99762642691329, 186.6917691815133, 169.87875813153008, 155.28318769772858, 142.79225025999617, 132.1893580249836, 123.40512499633407, 116.13071381887882, 109.86362571918433, 104.15168907061253, 98.60902402402643, 93.06783956349422, 87.4056835873456, 81.67398068585965, 76.265053895123, 71.59877689908598, 67.40849571119658, 63.352614863698605, 59.351665186535364, 55.42138613912581, 51.634297603192984, 48.003974246820924, 44.56376856529461, 41.32090101411176, 38.2959247475578, 35.471921949871955, 32.8359240365793, 30.357578269622522, 28.01459875054677, 25.792634021443785, 23.673768469476773, 21.643157855473945, 19.69747710530835, 17.83062993474767, 16.03981347326558, 14.329580280112932, 12.710250244340232, 11.185295627271344, 9.756214128376655, 8.428754609132804, 7.206615167638314, 6.094310195757842, 5.093033308610099, 4.198333164813042, 3.408164447092714]}],