{"rp": [0.1, 0.11234493440205148, 0.12621384285801251, 0.14179485896514246, 0.15929934128987072, 0.1789647404750054, 0.20105782028944644, 0.22587827631437318, 0.25376280135386714, 0.2850896527178103, 0.32028378333286034, 0.3598226062857106, 0.40424247099543353, 0.45414593886505183, 0.5102099571075231, 0.573195041625182, 0.6439555935096224, 0.7234514891067266, 0.8127611008676167, 0.9130959256151152, 1.0258170186601063, 1.1524534566987765, 1.294723079942415, 1.4545557948495271, 1.6341197535649394, 1.835850765193496, 2.062485337876194, 2.3170977998889395, 2.6031420033166066, 2.9244981760182913, 3.285525557436941, 3.6911215322651687, 4.1467880641233, 4.658706330431421, 5.233820570907402, 5.879932287106996, 6.605806070835402, 7.421288497006765, 8.337441693749241, 9.366693401651878, 10.523005557727089, 11.822063690952728, 13.281489698569587, 14.921080889473224, 16.763078537355728, 18.832469586556662, 21.157325603303395, 23.769183570259635, 26.70347368991138, 29.999999999999996], "-19.0--20.0": [{"red": [1020.5030191575548, 948.8335403190395, 878.9521606955849, 811.1437477554075, 745.7953622710046, 683.1999600739077, 623.4210337162923, 566.3844446310582, 512.1454246891026, 461.0076292814207, 413.1855348292623, 368.639931839355, 327.35999928537075, 289.41438511226977, 254.73574072737202, 223.3284533141352, 195.0635045255328, 169.69759243253768, 147.20529774627047, 127.4827424853501, 110.40326899153656, 95.88483852172183, 83.57837159882564, 73.08590107979477, 64.25250668075262, 56.86966197517428, 50.69672067107618, 45.58495784994031, 41.320805249107465, 37.711498275813085, 34.59363554487521, 31.84406004944198, 29.36135839079191, 27.067814528189952, 24.915012241071043, 22.86641689603493, 20.91168856123701, 19.04828402455077, 17.25229880741232, 15.527828178480386, 13.890509767863689, 12.327309010090431, 10.85009202847346, 9.470142138711678, 8.18355394368567, 6.9984324894503835, 5.920177309302652, 4.948616458423244, 4.08091866158497, 3.314778640128024]}, {"blue": [159.4065411432798, 150.8211546891017, 142.88377473560578, 135.6664223984759, 129.4308789536552, 124.21611595332887, 119.35223135786524, 113.77056396948923, 107.12474903099937, 99.9308803268735, 92.82156776783066, 86.00534200287235, 79.99334535644715, 72.38729303229486, 66.60847072112159, 61.1420003775883, 56.08483736810449, 51.41815158878385, 47.16917173493279, 43.39711199242245, 40.147346989099525, 37.43826426651971, 35.03433499180224, 32.71247806317299, 30.495502396324483, 28.390175074428733, 26.37867528433528, 24.48494534039993, 22.7003021031465, 21.034406154940807, 19.479426544588918, 18.029149052789442, 16.667720889593532, 15.385046640221578, 14.168680550188636, 13.007655725092285, 11.897295935089724, 10.834469547976127, 9.815599040207632, 8.836881899160094, 7.901840627846076, 7.013155555238798, 6.173931532173591, 5.387032117452578, 4.654966891752277, 3.98179194778378, 3.3673206828645954, 2.814760118874908, 2.3210278016724497, 1.8849318102510517]}], "-20.0--21.0": [{"red": [863.8892167260001, 790.7183657050468, 722.5054525300995, 658.8058174705044, 599.2883715684623, 543.8216848202364, 492.3359178362632, 444.7972606701961, 401.06210598942425, 360.8997306281422, 323.8612340258453, 289.660584673364, 258.05904068853914, 229.12073236923413, 202.76297414347817, 179.00901597678688, 157.74223364139758, 138.66749670144273, 121.7994894527718, 107.07048785523762, 94.39084999307578, 83.70440346000971, 74.62670960394479, 66.77569776124724, 60.04490933800001, 54.27398400512859, 49.27923217592303, 44.987904527426466, 41.245579041844344, 37.942247807275514, 34.98834922648134, 32.30304535243709, 29.82862936141985, 27.520672144303283, 25.336113828823105, 23.25595275813357, 21.27219590315168, 19.371485583157405, 17.543688128260193, 15.79226545700178, 14.123901436003656, 12.533765829309766, 11.031982747421134, 9.627974804718612, 8.319289178211305, 7.113786578718153, 6.017629715051957, 5.029376494325398, 4.1472144842433325, 3.368592207843523]}, {"blue": [228.37291083653892, 208.25584271298433, 190.49870925654156, 174.77765715327303, 160.81620696380637, 148.49423907279376, 137.73861987669474, 128.5602365014898, 120.88169928544092, 114.30222574902155, 108.08415406987477, 101.65974326070149, 94.92709623478324, 88.0784540213468, 81.30211421848742, 74.84690065412819, 68.83573768900771, 63.22733588251945, 58.11822712130533, 53.592023418305914, 49.71681925104617, 46.49614916765752, 43.6201903162637, 40.82015211630033, 38.136766326395716, 35.564130004961896, 33.092268538342495, 30.75403232170091, 28.53810669608958, 26.461092388842097, 24.514832226192613, 22.694521053379525, 20.98294644174875, 19.369300558051627, 17.836278168490722, 16.375830491112968, 14.979431255522183, 13.640258220521089, 12.354449405203953, 11.122452964257384, 9.946135839707937, 8.826904333319126, 7.769751771388108, 6.7798429882629465, 5.859219466228756, 5.011114380958841, 4.23737271024688, 3.5418727593944235, 2.920594553892902, 2.3718180788800023]}], "-21.0--22.0": [{"red": [1096.6245960744036, 982.3825972635784, 879.509976814272, 787.1021589889131, 706.4459398614848, 632.6188708857466, 566.6539191342291, 507.903800046497, 455.17701184897226, 407.7808884149242, 365.3192481084475, 327.36141095068257, 293.5985020282903, 263.5355611380456, 236.31101671743858, 211.5587422661548, 189.0865984141861, 168.54347506376442, 149.95363381136426, 133.5053466653255, 119.26011803161653, 106.94214038086614, 96.06539444565608, 86.33953813286685, 77.72092696507687, 70.13677356784473, 63.4649761457699, 57.66540369173431, 52.629170643166724, 48.24097549203257, 44.36259417839207, 40.893015867406135, 37.72336201212168, 34.77793332912346, 32.01211214403304, 29.371928818538834, 26.845106213849203, 24.43781915423991, 22.119409131845938, 19.893998183417754, 17.77852024924021, 15.767975805198716, 13.873440423090074, 12.104204143558576, 10.456339590692991, 8.939724404974791, 7.560451989043321, 6.317786321724192, 5.208047464199065, 4.22774065687139]}, {"blue": [380.4682157617833, 337.0468980180388, 299.5574620104348, 266.02576786871447, 237.0694694272311, 212.48795675167764, 191.2070188057793, 173.0635524152744, 157.50255212246213, 144.2309637314142, 133.27622162800688, 123.64470288274534, 115.96002821667486, 109.49209645126065, 103.62875682498519, 98.012623122121, 92.47428410101574, 86.82865334376083, 81.13621868376487, 75.79394884072346, 71.14072098851472, 67.03441995011029, 63.052689068776345, 59.092600907936315, 55.21878650332413, 51.4896114338251, 47.895952454461934, 44.49117908151519, 41.27722652030937, 38.27070104572932, 35.45840459614129, 32.82798884151022, 30.35263788313676, 28.012753688433083, 25.792882407958505, 23.672607725039672, 21.641832630692264, 19.698235677119456, 17.830943042093583, 16.039089400659073, 14.330144857343502, 12.710646286790942, 11.184636540871303, 9.75647783529431, 8.428674511830582, 7.206321378133369, 6.094306455043988, 5.092961598955846, 4.198300383152088, 3.408123467459424]}],