{"rp": [0.1, 0.11234493440205148, 0.12621384285801251, 0.14179485896514246, 0.15929934128987072, 0.1789647404750054, 0.20105782028944644, 0.22587827631437318, 0.25376280135386714, 0.2850896527178103, 0.32028378333286034, 0.3598226062857106, 0.40424247099543353, 0.45414593886505183, 0.5102099571075231, 0.573195041625182, 0.6439555935096224, 0.7234514891067266, 0.8127611008676167, 0.9130959256151152, 1.0258170186601063, 1.1524534566987765, 1.294723079942415, 1.4545557948495271, 1.6341197535649394, 1.835850765193496, 2.062485337876194, 2.3170977998889395, 2.6031420033166066, 2.9244981760182913, 3.285525557436941, 3.6911215322651687, 4.1467880641233, 4.658706330431421, 5.233820570907402, 5.879932287106996, 6.605806070835402, 7.421288497006765, 8.337441693749241, 9.366693401651878, 10.523005557727089, 11.822063690952728, 13.281489698569587, 14.921080889473224, 16.763078537355728, 18.832469586556662, 21.157325603303395, 23.769183570259635, 26.70347368991138, 29.999999999999996], "-19.0--20.0": [{"red": [726.8671446733911, 689.6212198819262, 652.4821921063655, 615.5371934401012, 578.886559094249, 542.7400894466499, 507.11977987103313, 471.7965242992418, 436.84188265170945, 402.5407808392634, 369.12783308397314, 336.79563543825986, 305.6847212263649, 275.90231833125034, 247.62606376941153, 221.00723839424992, 196.12985754337302, 173.0757887801597, 151.93832983034534, 132.81310622400946, 115.78132116008913, 100.87591749896285, 87.91742287663708, 76.68504467032082, 67.08281706269328, 58.97132119673907, 52.18764150966793, 46.58333643744278, 41.934885351516144, 38.055425183959535, 34.781943745319936, 31.934521093624596, 29.40137985244491, 27.095300477837366, 24.916623773795564, 22.86386373950855, 20.92450103793289, 19.04644590817006, 17.24834907290022, 15.534267401212242, 13.889300768219492, 12.32641046554364, 10.85193478236255, 9.470495817244338, 8.183498819697485, 6.997865573618304, 5.9205387018352225, 4.948548952298944, 4.080399083786979, 3.314725272211493]}, {"blue": [130.90684296101927, 125.5219407305193, 120.64799867802768, 116.3518253838236, 112.8110746002936, 110.07292854176647, 107.49381519723936, 103.9736754035116, 99.17983860685978, 93.61401066815256, 87.84742144007964, 82.16357512536352, 76.58141386568276, 71.15770598692367, 65.90407617500367, 60.923875814893755, 56.207364071699, 51.771232780101855, 47.65793602235049, 43.94288610656749, 40.69406362455169, 37.93757298356113, 35.459665826021215, 33.059146351114286, 30.762717334020536, 28.583552038986657, 26.512161050142698, 24.572713551997726, 22.753374102702338, 21.064815940072606, 19.496601421896166, 18.037837285268054, 16.671898364168705, 15.388097126181052, 14.169368472439093, 13.008003312320183, 11.899012542504064, 10.834676654116178, 9.815440878360027, 8.837680330239342, 7.901892714779586, 7.01311328567335, 6.174123610028429, 5.386314423743463, 4.656363255868948, 3.981866508999446, 3.3676960929810575, 2.8147822025008296, 2.321058031315574, 1.8850067850580887]}], "-20.0--21.0": [{"red": [661.8556427224391, 614.4860712028101, 570.0819270511745, 528.395014576603, 489.0896258726664, 452.1195414964076, 417.380120625223, 384.6231048080648, 353.83306427448593, 324.81804591389715, 297.14881293171766, 270.74120915406206, 245.61466634442908, 221.83417576478678, 199.53686923144915, 178.76415697268487, 159.50135668860466, 141.7989192006548, 125.64472863477222, 111.12522253544677, 98.33035153475596, 87.24184906221637, 77.61026209927512, 69.1859009188397, 61.88484765290336, 55.59666277960793, 50.197540038366895, 45.586725335917244, 41.603633926134734, 38.13743418932616, 35.09352925488833, 32.35485980841275, 29.852885434097264, 27.535741829346673, 25.335600011220293, 23.256574927655407, 21.282090346400878, 19.369810847207994, 17.542450490176716, 15.798611882404423, 14.122829279900431, 12.534030148986094, 11.034999481836353, 9.628008792274867, 8.319835676468784, 7.114615127002712, 6.018348605133571, 5.030399204900082, 4.147731445508238, 3.3689758090813102]}, {"blue": [200.19958971028402, 184.11843828957305, 169.84954973770888, 157.24751891038804, 146.07113792015153, 136.28328233818442, 127.82116285193875, 120.61037563749177, 114.6468958973238, 109.54134671130109, 104.51169352954224, 99.10115219613739, 93.23166715893841, 87.07332971302131, 80.88249972440506, 74.86561050951497, 69.1439339101674, 63.74280530820788, 58.74593921439401, 54.24549754145592, 50.350283471182124, 47.05546753092459, 44.08152463775378, 41.186720231423976, 38.41019914862692, 35.75700310798155, 33.22031669030775, 30.83596631299324, 28.586209637923513, 26.486008444153466, 24.5288129442742, 22.701269034389806, 20.985490415404087, 19.371480162163135, 17.836917496121725, 16.376344573196516, 14.981044754550021, 13.639887942101064, 12.354019546040824, 11.123255692556977, 9.945736216118531, 8.82679135003802, 7.7698274344960145, 6.77943657745172, 5.858605580084497, 5.009680891132633, 4.2373998085926825, 3.5419526069552707, 2.9206510962715133, 2.3719001950955674]}], "-21.0--22.0": [{"red": [879.1531817743835, 798.4340840898909, 725.2613673109518, 658.1625049879318, 597.5075972824799, 543.0228701098208, 493.6107139448704, 448.7726249520402, 408.0157480276909, 371.0326110631619, 337.4508607093239, 307.12252996087466, 279.67978117127154, 254.56098110950418, 231.31436516166838, 209.61866206282096, 189.32501730994287, 170.37041640312066, 152.78930197765243, 136.86188707280724, 122.82502046886391, 110.43025905853564, 99.25803982482543, 89.11685045629079, 80.02109731630483, 71.93332052155071, 64.78842182315675, 58.58988039276418, 53.2222446947584, 48.59029160630224, 44.564160657202706, 40.99121697136346, 37.767981838385005, 34.80907543350574, 32.01777132049532, 29.371799447639933, 26.858133696160845, 24.439719783972645, 22.119649501450276, 19.899323578973608, 17.779665686347858, 15.76970499299991, 13.876542304593743, 12.10576881647328, 10.458846604993843, 8.941781109484056, 7.562512037203899, 6.320346825554825, 5.209640660167621, 4.229386992443417]}, {"blue": [332.32517202575355, 299.67380509233226, 270.8719367629593, 244.3370398874784, 220.9542580203079, 200.77655591805112, 182.88506803636255, 167.2171139058605, 153.53969523981928, 141.75531024303814, 131.63638459222764, 123.17300603934333, 116.1283282605813, 110.02298597152425, 104.40799140398994, 98.9238056707846, 93.3992944863089, 87.73342924888046, 81.98785606740525, 76.56181245309624, 71.85005488802797, 67.64446363274908, 63.564473151601675, 59.5144687204836, 55.55583158585481, 51.74371968983026, 48.07805929404792, 44.61708646486017, 41.35504836280353, 38.316976273175285, 35.48683454404657, 32.84090036918409, 30.357464163143458, 28.020375541030162, 25.793753947789995, 23.672373057179307, 21.64481954095581, 19.698336102542996, 17.830541910768158, 16.040221836699885, 14.330260724162535, 12.710569474525883, 11.185089989578598, 9.756724063407564, 8.429187639622514, 7.206306327453598, 6.094449541387003, 5.093112660684823, 4.198336605660631, 3.4082087964642604]}],