{"rp": [0.1, 0.11234493440205148, 0.12621384285801251, 0.14179485896514246, 0.15929934128987072, 0.1789647404750054, 0.20105782028944644, 0.22587827631437318, 0.25376280135386714, 0.2850896527178103, 0.32028378333286034, 0.3598226062857106, 0.40424247099543353, 0.45414593886505183, 0.5102099571075231, 0.573195041625182, 0.6439555935096224, 0.7234514891067266, 0.8127611008676167, 0.9130959256151152, 1.0258170186601063, 1.1524534566987765, 1.294723079942415, 1.4545557948495271, 1.6341197535649394, 1.835850765193496, 2.062485337876194, 2.3170977998889395, 2.6031420033166066, 2.9244981760182913, 3.285525557436941, 3.6911215322651687, 4.1467880641233, 4.658706330431421, 5.233820570907402, 5.879932287106996, 6.605806070835402, 7.421288497006765, 8.337441693749241, 9.366693401651878, 10.523005557727089, 11.822063690952728, 13.281489698569587, 14.921080889473224, 16.763078537355728, 18.832469586556662, 21.157325603303395, 23.769183570259635, 26.70347368991138, 29.999999999999996], "-19.0--20.0": [{"red": [933.0860186400886, 872.514391256093, 813.1728725009052, 755.1834797571227, 698.9087934878804, 644.5722867248654, 592.1595701320083, 541.5435849426051, 492.7994293366348, 446.2749396375854, 402.30574094000025, 361.05599748760204, 322.5430127462477, 286.7775018988702, 253.73922288051605, 223.44092500137307, 195.8737179380672, 171.0027042830195, 148.75157237290034, 129.0832275025951, 111.96693948620447, 97.2707661019575, 84.7277100837342, 74.0398085798049, 64.97970792161772, 57.394305970442296, 51.08917134358015, 45.8334612537514, 41.45850214838599, 37.79093369622628, 34.63618346047075, 31.873779674468434, 29.376491412303398, 27.0647930302637, 24.914197829824047, 22.87412330552597, 20.913753182717226, 19.043977093764383, 17.253526129279035, 15.533636260179009, 13.887097693639449, 12.32717252190323, 10.854255328765772, 9.468231887757378, 8.183915885222461, 7.000267993861521, 5.920022943198813, 4.949133945414665, 4.0816724263202975, 3.315260333169652]}, {"blue": [150.58760227155554, 143.00909194141605, 136.08954412000895, 129.83517431336733, 124.48620752615184, 120.06392849420436, 115.88620547292875, 110.89840940276319, 104.76398955500252, 97.99217520622214, 91.17760247576095, 84.59588885753162, 78.26472456408167, 72.23957204600848, 66.50742566221261, 61.1565971183997, 56.17116178215259, 51.55356569862122, 47.32766845819039, 43.56009655011423, 40.30834464627576, 37.57764681447578, 35.14700313597559, 32.80935058208285, 30.56425642220673, 28.439903150847314, 26.41453958331825, 24.5069902826096, 22.711887924838067, 21.04239193989812, 19.484028247026416, 18.032324182787463, 16.669854319239676, 15.385500388870582, 14.1687083690935, 13.008770161576122, 11.897686541605236, 10.834049189241188, 9.815940839867721, 8.83765649252807, 7.901780911228055, 7.01337957803952, 6.174650929477049, 5.387103411073736, 4.655904608688593, 3.9818550607524914, 3.367314647228913, 2.814763570704026, 2.321047258872252, 1.8849390879246333]}], "-20.0--21.0": [{"red": [804.7643205940602, 739.3572456506438, 678.4424034161844, 621.5404621443732, 568.4728621048225, 518.8560291514231, 472.39690922257324, 429.1698890263958, 389.09347040457084, 351.9500640557414, 317.43999145948965, 285.28685090375745, 255.41527297817484, 227.83833839471254, 202.52360460597959, 179.43987252968532, 158.54606770221437, 139.7486535188044, 123.00084106370491, 108.25103660262474, 95.51021127051632, 84.65918564895837, 75.40186038067638, 67.39090056645313, 60.507913547730496, 54.600326274640516, 49.52666413256722, 45.13250167433889, 41.321765457876666, 37.99104151258012, 35.007859697348636, 32.319661732080725, 29.839700944800555, 27.513819766248798, 25.33750622696725, 23.263464513772053, 21.269139720176895, 19.369876960326145, 17.546269031404577, 15.7938266298283, 14.122475733509278, 12.534385042808202, 11.034285407006129, 9.626621823394656, 8.319472092248526, 7.115302250260163, 6.017309625671924, 5.030022420636807, 4.147994087425654, 3.368434180429432]}, {"blue": [220.31050079598836, 201.20832121885047, 184.4227612405681, 169.62591302464253, 156.61481716462828, 145.15179776876766, 135.07266056252666, 126.46250825714048, 119.28096218370227, 113.11320266352318, 107.22589305459866, 101.07677324558132, 94.57170028334347, 87.90329376129591, 81.2900250047785, 74.93514696599499, 68.9661655245835, 63.403669250704056, 58.31682253956467, 53.78214691788208, 49.89751834710276, 46.6475773630925, 43.7414931227273, 40.918698154306114, 38.2008024577175, 35.61220614992159, 33.12942329222775, 30.770962443901126, 28.546385043881113, 26.467839335495928, 24.516668222846796, 22.695997409679297, 20.984597943837137, 19.36774774453426, 17.83626689158178, 16.376897605613628, 14.978477568691263, 13.639547269489457, 12.354514773012774, 11.122382418891121, 9.945526657203061, 8.826624762378904, 7.76960838273193, 6.779081028755248, 5.85861809065972, 5.009978698094513, 4.237171947246974, 3.541847094546461, 2.920657806359775, 2.371813119600318]}], "-21.0--22.0": [{"red": [1036.9005174979686, 931.7743700713542, 837.9483732256566, 753.1208416756153, 677.0822218524432, 608.9150079665068, 547.2527171095829, 491.79090124468763, 442.11977144360804, 397.7735329395443, 358.0689466297627, 322.518469034126, 290.567922658528, 261.6645639580077, 235.43592294954732, 211.45274429418563, 189.46444243486246, 169.3630249322613, 150.97966495177653, 134.55487611617497, 120.36187081439134, 107.95850514516275, 96.93100449486369, 87.104666067362, 78.32408111747036, 70.5882036090725, 63.81193951324863, 57.90076239768103, 52.768489603676905, 48.31933460013574, 44.40697206888669, 40.92008617327713, 37.73912850758103, 34.78358234147248, 32.0082954618614, 29.374130720279663, 26.852402949022245, 24.43382023789748, 22.11886180133992, 19.899791956524865, 17.775395128138687, 15.76736735198531, 13.876078639423264, 12.102031647932904, 10.455938935305598, 8.940329337032994, 7.560077859610436, 6.317857120094379, 5.207820894174323, 4.227698200362759]}, {"blue": [367.8001260142497, 327.2656706442429, 292.2482044348073, 260.78626132382, 233.47836013500648, 210.0319873725126, 189.40612196085524, 171.5851740846806, 156.33975479852137, 143.5206854867096, 132.62168907665878, 123.60954445033337, 116.12184300269607, 109.68374508972018, 103.87764448230536, 98.29839284918596, 92.75548772146617, 87.11059972038495, 81.39720636590789, 76.00560990738111, 71.36769196323762, 67.20822981076843, 63.18380173725653, 59.21606929975351, 55.30780062027621, 51.550255947423594, 47.94425700731139, 44.52137524749433, 41.29403950403045, 38.280280796496164, 35.46408337098491, 32.83148031321165, 30.354958809482397, 28.013928557188557, 25.791688809579522, 23.67272109414055, 21.643197199235516, 19.697373406077478, 17.83055020180541, 16.040120848182752, 14.329503599760926, 12.710228066793306, 11.185243417013238, 9.756194624484243, 8.42870678668229, 7.20652149244478, 6.094275476577289, 5.093013119085616, 4.198303288689092, 3.408139917133863]}],