{"rp": [0.1, 0.11234493440205148, 0.12621384285801251, 0.14179485896514246, 0.15929934128987072, 0.1789647404750054, 0.20105782028944644, 0.22587827631437318, 0.25376280135386714, 0.2850896527178103, 0.32028378333286034, 0.3598226062857106, 0.40424247099543353, 0.45414593886505183, 0.5102099571075231, 0.573195041625182, 0.6439555935096224, 0.7234514891067266, 0.8127611008676167, 0.9130959256151152, 1.0258170186601063, 1.1524534566987765, 1.294723079942415, 1.4545557948495271, 1.6341197535649394, 1.835850765193496, 2.062485337876194, 2.3170977998889395, 2.6031420033166066, 2.9244981760182913, 3.285525557436941, 3.6911215322651687, 4.1467880641233, 4.658706330431421, 5.233820570907402, 5.879932287106996, 6.605806070835402, 7.421288497006765, 8.337441693749241, 9.366693401651878, 10.523005557727089, 11.822063690952728, 13.281489698569587, 14.921080889473224, 16.763078537355728, 18.832469586556662, 21.157325603303395, 23.769183570259635, 26.70347368991138, 29.999999999999996], "-19.0--20.0": [{"red": [618.6467449574468, 587.4124587298344, 556.6413213952123, 526.2153195795343, 496.1717901364126, 466.64207082983353, 437.701740606549, 409.2603548415576, 381.25179939055073, 353.76478609088696, 326.8852672906669, 300.6685649629778, 275.15045170763267, 250.50242578097763, 226.78880578345064, 204.1610108656973, 182.72795974006414, 162.6579665954525, 143.8832030311394, 126.72544012898604, 111.25921570796407, 97.56661696677709, 85.53022886017564, 74.97072766607418, 65.84829462304857, 58.0772263844964, 51.51542715444646, 46.03235176770068, 41.46829032774314, 37.6531807719354, 34.404473684901426, 31.586793562400445, 29.070528104133924, 26.768983585874963, 24.638138845285333, 22.609868808319348, 20.666671461097472, 18.828402268134976, 17.0564015921106, 15.347806171223732, 13.728621612034033, 12.185448031481823, 10.725865790856233, 9.359863436909468, 8.08933780428724, 6.918478808273468, 5.851456363201344, 4.891710833633655, 4.034672806767851, 3.2767766933862226]}, {"blue": [125.18139505794488, 119.21583378796184, 114.01939539009065, 109.54819061556788, 105.90575465664449, 103.08491385010208, 100.46711140779722, 97.0525519739801, 92.56637937549458, 87.54983325000265, 82.54595719578899, 77.54027551681217, 72.47557741148918, 67.97926739782281, 63.2229753041139, 58.691048434797366, 54.360782850584, 50.245204220737904, 46.39896482462696, 42.89808267683805, 39.81486787125708, 37.1832417355037, 34.79949435003363, 32.472407482917426, 30.23442094217414, 28.105480045877222, 26.072630871576298, 24.16374116749911, 22.37557081260544, 20.71568657403852, 19.171558693558328, 17.736955354308087, 16.392886244880557, 15.12901052981743, 13.931996425990906, 12.790149810382246, 11.697345316367196, 10.652737773638508, 9.650948657454963, 8.688287625249767, 7.769017657953236, 6.895295236387055, 6.070663484140037, 5.29683472731565, 4.5776406325505254, 3.9149054740783256, 3.3108093159832914, 2.767315822575678, 2.2819213275310326, 1.8531905452525403]}], "-20.0--21.0": [{"red": [575.464221258935, 542.8344325336152, 511.5541423453401, 481.5169818780516, 452.6011822779652, 424.71900893812193, 397.7935359234448, 371.90028511634114, 347.06267340460596, 323.002897059422, 299.230528940052, 275.56418070271116, 252.23698120049738, 229.61692589372467, 207.95871654069728, 187.4381898956134, 168.1337123364806, 150.02390605478442, 133.26430795471188, 118.0050888741498, 104.3624151353947, 92.40217258205318, 81.93794743796002, 72.74142265549791, 64.76067165282849, 57.917906164179904, 52.067894647576445, 47.09980227732622, 42.86552121925248, 39.22538866882582, 36.037763196328044, 33.197653379222366, 30.61317207312738, 28.221359133177632, 25.981058102990268, 23.84467878394507, 21.80206546488721, 19.859661531428124, 17.986518247413375, 16.185661155914964, 14.477977367243655, 12.848541093975872, 11.307814927293915, 9.868552835131114, 8.527344457236842, 7.291655429486455, 6.16794729661362, 5.1557832460542805, 4.251648143710717, 3.4525430976264806]}, {"blue": [175.13406887278208, 164.0426299117983, 153.99931764245338, 144.95799460290579, 136.8117658992218, 129.52732900895353, 123.09250304536728, 117.64392943733186, 113.23307554863707, 109.37134952477106, 105.16964227503158, 100.19129132744533, 94.5338850294806, 88.49847852379567, 82.3765976872588, 76.39505817866015, 70.68440420934037, 65.23625485901168, 60.16207098798617, 55.56482786871306, 51.54551371657553, 48.11655203646176, 45.01231859454942, 41.99217363495201, 39.09947332573525, 36.353497527704356, 33.738777012057376, 31.28503646907283, 28.984565186136102, 26.846322087195837, 24.853307777134958, 22.99790569794652, 21.257915210696414, 19.62008279625576, 18.06799654386794, 16.58795525411532, 15.171353256542652, 13.815842143910528, 12.51356436145995, 11.26475706735708, 10.073667255132017, 8.939548684139343, 7.869510507766393, 6.866957481156934, 5.934379912084154, 5.074533976645534, 4.291888265832052, 3.5875154532299405, 2.9583473643808054, 2.4024325466205996]}], "-21.0--22.0": [{"red": [908.8828768355479, 827.9509408844301, 754.1940318980988, 686.0277811302678, 623.8546186259713, 567.4138949202269, 515.772910541092, 468.756656902011, 425.9365185925613, 387.0329032278958, 351.69689055106653, 319.6517431498011, 290.5733905013003, 264.01161493119656, 239.4652812024391, 216.6602074242094, 195.46377653511493, 175.79991397434392, 157.65725071851668, 141.26280128170495, 126.78894461844276, 113.96055285011498, 102.3746892264441, 91.84873260342205, 82.35285946145898, 73.9192010296085, 66.47729663967449, 60.002782541373435, 54.42550041008477, 49.6349943794506, 45.47329380449329, 41.82016799952462, 38.519938385434415, 35.4744645212392, 32.64843474100412, 29.956306032060702, 27.369662742275572, 24.917366373431882, 22.556360273671167, 20.28336963825216, 18.125624870357775, 16.077732133019243, 14.146866369658673, 12.340204419706488, 10.662041596916222, 9.115591705418845, 7.707817213553062, 6.442250885887014, 5.310783694771935, 4.310344153617749]}, {"blue": [363.1570559337956, 328.798880505721, 298.1589569711965, 269.6001317488187, 244.0426207229409, 221.54774393873848, 201.28363016631275, 183.3334840921431, 167.5048176400807, 153.71698804934894, 141.76206136925066, 131.57948660807327, 122.96828006848526, 115.51424617789255, 108.75899099832687, 102.36448190856575, 96.16012817864016, 90.00551004072734, 83.90444051963178, 78.2168873107383, 73.29147106659656, 68.92983609982079, 64.7253937951208, 60.56859558261516, 56.5084160028789, 52.6066077661179, 48.8633053964217, 45.323458786956245, 42.00051292957363, 38.90719859370031, 36.022202238488, 33.33871082723196, 30.81713284267828, 28.435167284043057, 26.18195765113404, 24.03050381840729, 21.965326828827667, 19.993840088841743, 18.09891158099485, 16.279019338290748, 14.544820944995232, 12.900757958921183, 11.352675659197551, 9.902754342570317, 8.555500018902398, 7.31441626423247, 6.185440716618211, 5.169078839854957, 4.261225017533624, 3.45920196690741]}],