{"rp": [0.1, 0.11234493440205148, 0.12621384285801251, 0.14179485896514246, 0.15929934128987072, 0.1789647404750054, 0.20105782028944644, 0.22587827631437318, 0.25376280135386714, 0.2850896527178103, 0.32028378333286034, 0.3598226062857106, 0.40424247099543353, 0.45414593886505183, 0.5102099571075231, 0.573195041625182, 0.6439555935096224, 0.7234514891067266, 0.8127611008676167, 0.9130959256151152, 1.0258170186601063, 1.1524534566987765, 1.294723079942415, 1.4545557948495271, 1.6341197535649394, 1.835850765193496, 2.062485337876194, 2.3170977998889395, 2.6031420033166066, 2.9244981760182913, 3.285525557436941, 3.6911215322651687, 4.1467880641233, 4.658706330431421, 5.233820570907402, 5.879932287106996, 6.605806070835402, 7.421288497006765, 8.337441693749241, 9.366693401651878, 10.523005557727089, 11.822063690952728, 13.281489698569587, 14.921080889473224, 16.763078537355728, 18.832469586556662, 21.157325603303395, 23.769183570259635, 26.70347368991138, 29.999999999999996], "-19.0--20.0": [{"red": [633.0956450904175, 601.0982008427806, 569.5611673853257, 538.3648380242942, 507.55106131853074, 477.2625567982564, 447.5844926810063, 418.43166127785855, 389.7357693963167, 361.58072232712027, 334.0475005344754, 307.19406977761474, 281.0578454436588, 255.81360254582464, 231.52962447056706, 208.3603881237386, 186.41735933071405, 165.8689767137341, 146.65246975173997, 129.09018645629195, 113.25801272289877, 99.24153855944766, 86.92283544578592, 76.12314201279777, 66.80029080449384, 58.86634071920799, 52.17488834985911, 46.59088887034293, 41.94973335916633, 38.07606651644626, 34.78212184999655, 31.928610248693747, 29.38241236167687, 27.055379104983917, 24.901356807276436, 22.85097902354949, 20.88681303993739, 19.028939165863186, 17.237930759693253, 15.5108982054973, 13.874424239349336, 12.314687727739637, 10.839408276262953, 9.45877119206689, 8.174620189658564, 6.991162015349742, 5.912641569139411, 4.9425886566731885, 4.076296531626604, 3.3101969533345454]}, {"blue": [128.40461545522734, 122.16491594785872, 116.70547112766153, 111.98408006705745, 108.11765086902113, 105.1215320115662, 102.37425500611387, 98.84469666455175, 94.23952481945759, 89.09635197421538, 83.92256955281916, 78.82940958146216, 73.58021029339572, 69.16261244711652, 64.28802466110986, 59.66052677667772, 55.23839351010971, 51.03568539072218, 47.10756107586908, 43.531231317469604, 40.378927453150396, 37.68527187511517, 35.2464105476441, 32.87077018965665, 30.590286812423628, 28.42457609026259, 26.360006450813962, 24.424096029823804, 22.6119506709837, 20.931695535195086, 19.370104717194767, 17.9196442135458, 16.560990186379126, 15.283810987912354, 14.074330573090664, 12.920699509231923, 11.817239873648171, 10.761935008490486, 9.749847101036796, 8.777269421391368, 7.848613025768801, 6.965918881813987, 6.132846404567874, 5.35110790320159, 4.624557029622878, 3.95503098460144, 3.344724034011798, 2.7956590094530824, 2.3052975625377834, 1.8721802012260926]}], "-20.0--21.0": [{"red": [584.746664227809, 550.8039856533278, 518.3647900208887, 487.3221096764134, 457.528806944751, 428.88012471711085, 401.30183859882857, 374.83722094590473, 349.50322654966374, 325.00819858977496, 300.8561804734847, 276.9002505349478, 253.38628403608556, 230.64270020206058, 208.88923102732016, 188.26808454606675, 168.85795315361958, 150.65883517328564, 133.82224907981526, 118.48698280981174, 104.77435911436548, 92.75366310474095, 82.23919279845941, 72.99458113738241, 64.98001293091524, 58.10694014999769, 52.23340472106786, 47.245149020477605, 42.99509442858368, 39.34279412155358, 36.14402923298322, 33.295274481763414, 30.703050451305998, 28.3043084604426, 26.056590927299442, 23.91404048061636, 21.865856154614587, 19.917795768669958, 18.03926327729723, 16.23309554504765, 14.520423020997619, 12.88622473909465, 11.341001487073903, 9.897549357195308, 8.55248812619191, 7.3130749671719215, 6.185976386308988, 5.170872010234862, 4.264103719329815, 3.462653791577848]}, {"blue": [179.90810293815167, 168.10551641904124, 157.44061854384347, 147.86178116352662, 139.27789207835042, 131.55557678545037, 124.37323742389708, 119.02499329519067, 114.36116786809885, 110.2914180265014, 105.91604950730095, 100.81175180667951, 95.07623285640169, 88.99192746562848, 82.83344491721591, 76.81120951702474, 71.0566301206373, 65.57172339123287, 60.46643806576411, 55.83763303014241, 51.789620889168006, 48.33475059391932, 45.20927942290755, 42.16963519149851, 39.25997555589545, 36.49828051415292, 33.87057078606954, 31.406192543567922, 29.09448810813205, 26.94838178785859, 24.94673703978443, 23.084031230307293, 21.337152060336386, 19.693010669233942, 18.13500277165634, 16.649642363774106, 15.227532247772569, 13.866712250536892, 12.559406733385234, 11.304681800075333, 10.111903935361338, 8.973755148450918, 7.898746585036764, 6.892530999641157, 5.956365906686284, 5.093337151829989, 4.307960236697338, 3.6009414342000077, 2.969414529040307, 2.411420193182341]}], "-21.0--22.0": [{"red": [979.6806767022749, 892.072111112534, 812.2117718104049, 738.431888906225, 671.1297380961574, 610.0120662295725, 554.0883923424915, 503.1544907107999, 456.7463011029288, 414.5647625558653, 376.24442264984117, 341.49111791596465, 309.96553722164873, 281.19784739712213, 254.65499944954033, 230.02368631044175, 207.20851484254376, 186.06491536077593, 166.59172372733386, 149.01065867687979, 133.48662239429834, 119.73445538603778, 107.3367381197851, 96.10083824732634, 85.98986465101824, 77.03353684885876, 69.15498661644585, 62.3230519593463, 56.459802755740206, 51.44273061195957, 47.099679055934644, 43.299607546054865, 39.874127145440404, 36.7172382063545, 33.79154612002244, 31.004509871711353, 28.32658979846629, 25.788631395655273, 23.345052146712742, 20.992137242355753, 18.759104933918806, 16.639533214293174, 14.64094136569854, 12.770991222226497, 11.033788444248945, 9.433883897038951, 7.976575204167281, 6.666173329074477, 5.495927494923228, 4.460859302580152]}, {"blue": [392.97132513250693, 355.34882497003883, 321.7732354317494, 290.51464484603446, 262.52954970159436, 237.87093950717124, 215.65290965678847, 195.9474973266406, 178.54361218103074, 163.35830148223096, 150.17961716054754, 138.94847902417334, 129.4596835937317, 121.28291660468867, 113.92886190005491, 107.02871762259944, 100.38619318192538, 93.83839222286095, 87.37904569961808, 81.37077372306241, 76.17775102901726, 71.56475254126545, 67.14285898669449, 62.78612542561161, 58.541975281540225, 54.47246390258703, 50.574715933327134, 46.894470691783674, 43.44488150598718, 40.237352608521824, 37.24880784155351, 34.471517000931144, 31.863426309353738, 29.39848444210294, 27.069034372397606, 24.844582267718458, 22.709180687617273, 20.670971990479174, 18.711859950288144, 16.830212251775475, 15.037413966566858, 13.337641380789053, 11.737050625647662, 10.237948848752769, 8.844800081400217, 7.562308741359425, 6.395051370764331, 5.344404485812712, 4.405648923556275, 3.5763550773443775]}],