{"rp": [0.1, 0.11234493440205148, 0.12621384285801251, 0.14179485896514246, 0.15929934128987072, 0.1789647404750054, 0.20105782028944644, 0.22587827631437318, 0.25376280135386714, 0.2850896527178103, 0.32028378333286034, 0.3598226062857106, 0.40424247099543353, 0.45414593886505183, 0.5102099571075231, 0.573195041625182, 0.6439555935096224, 0.7234514891067266, 0.8127611008676167, 0.9130959256151152, 1.0258170186601063, 1.1524534566987765, 1.294723079942415, 1.4545557948495271, 1.6341197535649394, 1.835850765193496, 2.062485337876194, 2.3170977998889395, 2.6031420033166066, 2.9244981760182913, 3.285525557436941, 3.6911215322651687, 4.1467880641233, 4.658706330431421, 5.233820570907402, 5.879932287106996, 6.605806070835402, 7.421288497006765, 8.337441693749241, 9.366693401651878, 10.523005557727089, 11.822063690952728, 13.281489698569587, 14.921080889473224, 16.763078537355728, 18.832469586556662, 21.157325603303395, 23.769183570259635, 26.70347368991138, 29.999999999999996], "-19.0--20.0": [{"red": [614.1851385607182, 587.8551382610405, 561.5162840457446, 535.0769658727355, 508.5720360868293, 482.09862077914147, 455.57206795597415, 428.8059994559806, 401.7903474836166, 374.72304811383685, 347.8230437551164, 321.1990972548085, 294.9753048121463, 269.3405787676178, 244.4256638066321, 220.4372955849978, 197.52631827866475, 175.8553589129709, 155.560194594414, 136.84362013889603, 119.8710005515018, 104.75646356194106, 91.41042225900354, 79.67964872755745, 69.54232987839106, 60.92620531050046, 53.68836842493936, 47.68712621273448, 42.74286108443435, 38.66115669436268, 35.23166652570904, 32.291360311736554, 29.69013172538911, 27.327824178558856, 25.14718479880051, 23.074816285114302, 21.090645792730324, 19.214709712823524, 17.406547712823308, 15.662196465853828, 14.00963592082971, 12.434819706017512, 10.94516671255955, 9.550915578619824, 8.254339319892798, 7.059357015953471, 5.970242792765439, 4.990788384145727, 4.116073476119156, 3.342479893632348]}, {"blue": [119.81875498258135, 115.44145943669913, 111.5874893842678, 108.26824060389413, 105.66649679758486, 103.80936006212146, 102.05312718800973, 99.34913193966007, 95.34065943268625, 90.51278915530621, 85.42935863526073, 80.34018106437053, 75.27356835227958, 70.30174999276171, 65.41454187474854, 60.72094644284276, 56.227040507939414, 51.94916870241404, 47.94137275129815, 44.28515091475406, 41.05561808358154, 38.289025557208824, 35.78041212501717, 33.33929509939947, 30.99573497706752, 28.772767661561627, 26.660791065451487, 24.68542072116114, 22.84170426039985, 21.135522808001475, 19.5538508753518, 18.08648753868504, 16.71306680755408, 15.424215622949365, 14.204805271616884, 13.043050720472621, 11.92491512840331, 10.859333847661732, 9.838086883699011, 8.856784188558915, 7.919682636309781, 7.029177587178153, 6.188258970133868, 5.399511970183768, 4.666507971754461, 3.990761728856491, 3.374923264731324, 2.8208801913530084, 2.3261080135156496, 1.8891027638910753]}], "-20.0--21.0": [{"red": [578.9647727520472, 540.5919569603659, 504.67216391260837, 471.0153695189631, 439.4089963779989, 409.6216499531122, 381.45067600818766, 354.80633371131745, 329.47674600692073, 305.291380928877, 282.0446444031196, 259.45087723771155, 237.62162977226444, 216.69685928839758, 196.69643521971426, 177.7114360056137, 159.9298154314049, 143.18394453606336, 127.63763910316814, 113.43490198566968, 100.69646180671508, 89.49407885483303, 79.63335127246529, 70.89981965216177, 63.26512153863658, 56.67042975292304, 50.99195587392063, 46.14542711184901, 41.99864797727387, 38.42607797036371, 35.29644983274058, 32.50953784653909, 29.97503492391927, 27.63158602549903, 25.436665132891857, 23.34490070277657, 21.34583586647283, 19.443587925294775, 17.609659985014293, 15.847212229155323, 14.174799307031774, 12.579490385871619, 11.071273364374528, 9.661867716968851, 8.349101187787193, 7.139439775519525, 6.037812921588817, 5.048006439782258, 4.162674416618015, 3.3803243203467472]}, {"blue": [189.33163099918139, 174.7829042161732, 161.825424484718, 150.37150392834792, 140.2676300757352, 131.41439239109374, 123.73290246749215, 117.25610516841351, 111.91819512055339, 107.32915234560903, 102.8012135573123, 97.82429823204025, 92.34245704070538, 86.55853684137564, 80.66256000674232, 74.88709004029667, 69.37530254000926, 64.1122462276669, 59.19857961876892, 54.74044201598987, 50.841288105405575, 47.51703151447903, 44.496840701807905, 41.542419595774284, 38.702375206220516, 35.99900613008838, 33.415488912201496, 30.98853352997039, 28.71062369268076, 26.592269303087683, 24.617842180329383, 22.779488656865652, 21.055354255444847, 19.433076643362117, 17.8953780932158, 16.430068449893252, 15.026749593039689, 13.683792225057909, 12.39324407964009, 11.157128091541129, 9.978957909240187, 8.856304390565766, 7.794102642616999, 6.8012099138938575, 5.877465898033034, 5.025865212803067, 4.250854875603342, 3.553195664049538, 2.930020892578673, 2.3794066880665015]}], "-21.0--22.0": [{"red": [826.3176320488622, 757.8335362186033, 695.1163128494611, 636.6095436135452, 582.8428226927275, 533.6951200522542, 489.13824954815607, 447.6942968828167, 409.73478118373066, 375.0538537695077, 343.3761914239884, 314.5136017121105, 288.1653429792751, 263.8542583414616, 241.05983675001337, 219.49678289069848, 199.10404617849787, 179.84378163809322, 161.81093969672287, 145.32883704614832, 130.6526898477875, 117.5377992809241, 105.60339609985157, 94.69942460823758, 84.81760484118429, 76.00798168153618, 68.21620109689297, 61.432944537598225, 55.59241702592152, 50.59053031297832, 46.27013937291454, 42.49761941767638, 39.110589028329436, 36.00296349038493, 33.12626456106152, 30.391770007298355, 27.76827146777881, 25.27903773619999, 22.883664115484837, 20.57798555852231, 18.388557235958704, 16.310762155003765, 14.351897235015176, 12.518361034357635, 10.817489909224877, 9.24810697745038, 7.820112803314863, 6.5368799443434265, 5.38774726913671, 4.372214120374479]}, {"blue": [325.68766238483255, 297.0697259511743, 271.5135024359295, 247.4024141465211, 225.71357804637353, 206.5936617010673, 189.24073365892997, 173.78967632735853, 160.10634476721918, 148.17146746034817, 137.82949173010596, 129.0736909468035, 121.71635499791147, 115.31587922826672, 109.38421425377668, 103.56110663924602, 97.69097562853152, 91.68514236252955, 85.60380870529912, 79.86614853715358, 74.87659097098718, 70.41479224136353, 66.10504727500033, 61.83718427613977, 57.66617836898399, 53.65851703938683, 49.814229283884835, 46.18303634443325, 42.77738702285391, 39.611011569477746, 36.66366034454365, 33.924759070057796, 31.354637405384462, 28.928456932983224, 26.634685214856972, 24.445382841324363, 22.345182154269427, 20.33913550697277, 18.41151573944851, 16.560227402355807, 14.79602585863495, 13.123922777251734, 11.54851331005734, 10.073694894096427, 8.703317286602301, 7.44079807669348, 6.292292747730634, 5.258393819516295, 4.3348412397125875, 3.51895513059593]}],